/*
 Navicat Premium Data Transfer

 Source Server         : localhost_3306
 Source Server Type    : MySQL
 Source Server Version : 80029
 Source Host           : localhost:3306
 Source Schema         : video

 Target Server Type    : MySQL
 Target Server Version : 80029
 File Encoding         : 65001

 Date: 24/03/2025 23:55:38
*/

SET NAMES utf8mb4;
SET FOREIGN_KEY_CHECKS = 0;

-- ----------------------------
-- Table structure for auth_group
-- ----------------------------
DROP TABLE IF EXISTS `auth_group`;
CREATE TABLE `auth_group`  (
  `id` int NOT NULL AUTO_INCREMENT,
  `name` varchar(150) CHARACTER SET utf8 COLLATE utf8_general_ci NOT NULL,
  PRIMARY KEY (`id`) USING BTREE,
  UNIQUE INDEX `name`(`name` ASC) USING BTREE
) ENGINE = InnoDB CHARACTER SET = utf8 COLLATE = utf8_general_ci ROW_FORMAT = Dynamic;

-- ----------------------------
-- Records of auth_group
-- ----------------------------

-- ----------------------------
-- Table structure for auth_group_permissions
-- ----------------------------
DROP TABLE IF EXISTS `auth_group_permissions`;
CREATE TABLE `auth_group_permissions`  (
  `id` int NOT NULL AUTO_INCREMENT,
  `group_id` int NOT NULL,
  `permission_id` int NOT NULL,
  PRIMARY KEY (`id`) USING BTREE,
  UNIQUE INDEX `auth_group_permissions_group_id_permission_id_0cd325b0_uniq`(`group_id` ASC, `permission_id` ASC) USING BTREE,
  INDEX `auth_group_permissio_permission_id_84c5c92e_fk_auth_perm`(`permission_id` ASC) USING BTREE,
  CONSTRAINT `auth_group_permissio_permission_id_84c5c92e_fk_auth_perm` FOREIGN KEY (`permission_id`) REFERENCES `auth_permission` (`id`) ON DELETE RESTRICT ON UPDATE RESTRICT,
  CONSTRAINT `auth_group_permissions_group_id_b120cbf9_fk_auth_group_id` FOREIGN KEY (`group_id`) REFERENCES `auth_group` (`id`) ON DELETE RESTRICT ON UPDATE RESTRICT
) ENGINE = InnoDB CHARACTER SET = utf8 COLLATE = utf8_general_ci ROW_FORMAT = Dynamic;

-- ----------------------------
-- Records of auth_group_permissions
-- ----------------------------

-- ----------------------------
-- Table structure for auth_permission
-- ----------------------------
DROP TABLE IF EXISTS `auth_permission`;
CREATE TABLE `auth_permission`  (
  `id` int NOT NULL AUTO_INCREMENT,
  `name` varchar(255) CHARACTER SET utf8 COLLATE utf8_general_ci NOT NULL,
  `content_type_id` int NOT NULL,
  `codename` varchar(100) CHARACTER SET utf8 COLLATE utf8_general_ci NOT NULL,
  PRIMARY KEY (`id`) USING BTREE,
  UNIQUE INDEX `auth_permission_content_type_id_codename_01ab375a_uniq`(`content_type_id` ASC, `codename` ASC) USING BTREE,
  CONSTRAINT `auth_permission_content_type_id_2f476e4b_fk_django_co` FOREIGN KEY (`content_type_id`) REFERENCES `django_content_type` (`id`) ON DELETE RESTRICT ON UPDATE RESTRICT
) ENGINE = InnoDB AUTO_INCREMENT = 49 CHARACTER SET = utf8 COLLATE = utf8_general_ci ROW_FORMAT = Dynamic;

-- ----------------------------
-- Records of auth_permission
-- ----------------------------
INSERT INTO `auth_permission` VALUES (1, 'Can add log entry', 1, 'add_logentry');
INSERT INTO `auth_permission` VALUES (2, 'Can change log entry', 1, 'change_logentry');
INSERT INTO `auth_permission` VALUES (3, 'Can delete log entry', 1, 'delete_logentry');
INSERT INTO `auth_permission` VALUES (4, 'Can view log entry', 1, 'view_logentry');
INSERT INTO `auth_permission` VALUES (5, 'Can add permission', 2, 'add_permission');
INSERT INTO `auth_permission` VALUES (6, 'Can change permission', 2, 'change_permission');
INSERT INTO `auth_permission` VALUES (7, 'Can delete permission', 2, 'delete_permission');
INSERT INTO `auth_permission` VALUES (8, 'Can view permission', 2, 'view_permission');
INSERT INTO `auth_permission` VALUES (9, 'Can add group', 3, 'add_group');
INSERT INTO `auth_permission` VALUES (10, 'Can change group', 3, 'change_group');
INSERT INTO `auth_permission` VALUES (11, 'Can delete group', 3, 'delete_group');
INSERT INTO `auth_permission` VALUES (12, 'Can view group', 3, 'view_group');
INSERT INTO `auth_permission` VALUES (13, 'Can add content type', 4, 'add_contenttype');
INSERT INTO `auth_permission` VALUES (14, 'Can change content type', 4, 'change_contenttype');
INSERT INTO `auth_permission` VALUES (15, 'Can delete content type', 4, 'delete_contenttype');
INSERT INTO `auth_permission` VALUES (16, 'Can view content type', 4, 'view_contenttype');
INSERT INTO `auth_permission` VALUES (17, 'Can add session', 5, 'add_session');
INSERT INTO `auth_permission` VALUES (18, 'Can change session', 5, 'change_session');
INSERT INTO `auth_permission` VALUES (19, 'Can delete session', 5, 'delete_session');
INSERT INTO `auth_permission` VALUES (20, 'Can view session', 5, 'view_session');
INSERT INTO `auth_permission` VALUES (21, 'Can add kv store', 6, 'add_kvstore');
INSERT INTO `auth_permission` VALUES (22, 'Can change kv store', 6, 'change_kvstore');
INSERT INTO `auth_permission` VALUES (23, 'Can delete kv store', 6, 'delete_kvstore');
INSERT INTO `auth_permission` VALUES (24, 'Can view kv store', 6, 'view_kvstore');
INSERT INTO `auth_permission` VALUES (25, 'Can add video', 7, 'add_video');
INSERT INTO `auth_permission` VALUES (26, 'Can change video', 7, 'change_video');
INSERT INTO `auth_permission` VALUES (27, 'Can delete video', 7, 'delete_video');
INSERT INTO `auth_permission` VALUES (28, 'Can view video', 7, 'view_video');
INSERT INTO `auth_permission` VALUES (29, 'Can add classification', 8, 'add_classification');
INSERT INTO `auth_permission` VALUES (30, 'Can change classification', 8, 'change_classification');
INSERT INTO `auth_permission` VALUES (31, 'Can delete classification', 8, 'delete_classification');
INSERT INTO `auth_permission` VALUES (32, 'Can view classification', 8, 'view_classification');
INSERT INTO `auth_permission` VALUES (33, 'Can add user', 9, 'add_user');
INSERT INTO `auth_permission` VALUES (34, 'Can change user', 9, 'change_user');
INSERT INTO `auth_permission` VALUES (35, 'Can delete user', 9, 'delete_user');
INSERT INTO `auth_permission` VALUES (36, 'Can view user', 9, 'view_user');
INSERT INTO `auth_permission` VALUES (37, 'Can add feedback', 10, 'add_feedback');
INSERT INTO `auth_permission` VALUES (38, 'Can change feedback', 10, 'change_feedback');
INSERT INTO `auth_permission` VALUES (39, 'Can delete feedback', 10, 'delete_feedback');
INSERT INTO `auth_permission` VALUES (40, 'Can view feedback', 10, 'view_feedback');
INSERT INTO `auth_permission` VALUES (41, 'Can add my chunked upload', 11, 'add_mychunkedupload');
INSERT INTO `auth_permission` VALUES (42, 'Can change my chunked upload', 11, 'change_mychunkedupload');
INSERT INTO `auth_permission` VALUES (43, 'Can delete my chunked upload', 11, 'delete_mychunkedupload');
INSERT INTO `auth_permission` VALUES (44, 'Can view my chunked upload', 11, 'view_mychunkedupload');
INSERT INTO `auth_permission` VALUES (45, 'Can add comment', 12, 'add_comment');
INSERT INTO `auth_permission` VALUES (46, 'Can change comment', 12, 'change_comment');
INSERT INTO `auth_permission` VALUES (47, 'Can delete comment', 12, 'delete_comment');
INSERT INTO `auth_permission` VALUES (48, 'Can view comment', 12, 'view_comment');

-- ----------------------------
-- Table structure for django_admin_log
-- ----------------------------
DROP TABLE IF EXISTS `django_admin_log`;
CREATE TABLE `django_admin_log`  (
  `id` int NOT NULL AUTO_INCREMENT,
  `action_time` datetime(6) NOT NULL,
  `object_id` longtext CHARACTER SET utf8 COLLATE utf8_general_ci NULL,
  `object_repr` varchar(200) CHARACTER SET utf8 COLLATE utf8_general_ci NOT NULL,
  `action_flag` smallint UNSIGNED NOT NULL,
  `change_message` longtext CHARACTER SET utf8 COLLATE utf8_general_ci NOT NULL,
  `content_type_id` int NULL DEFAULT NULL,
  `user_id` int NOT NULL,
  PRIMARY KEY (`id`) USING BTREE,
  INDEX `django_admin_log_content_type_id_c4bce8eb_fk_django_co`(`content_type_id` ASC) USING BTREE,
  INDEX `django_admin_log_user_id_c564eba6_fk_v_user_id`(`user_id` ASC) USING BTREE,
  CONSTRAINT `django_admin_log_content_type_id_c4bce8eb_fk_django_co` FOREIGN KEY (`content_type_id`) REFERENCES `django_content_type` (`id`) ON DELETE RESTRICT ON UPDATE RESTRICT,
  CONSTRAINT `django_admin_log_user_id_c564eba6_fk_v_user_id` FOREIGN KEY (`user_id`) REFERENCES `v_user` (`id`) ON DELETE RESTRICT ON UPDATE RESTRICT
) ENGINE = InnoDB AUTO_INCREMENT = 1 CHARACTER SET = utf8 COLLATE = utf8_general_ci ROW_FORMAT = Dynamic;

-- ----------------------------
-- Records of django_admin_log
-- ----------------------------

-- ----------------------------
-- Table structure for django_content_type
-- ----------------------------
DROP TABLE IF EXISTS `django_content_type`;
CREATE TABLE `django_content_type`  (
  `id` int NOT NULL AUTO_INCREMENT,
  `app_label` varchar(100) CHARACTER SET utf8 COLLATE utf8_general_ci NOT NULL,
  `model` varchar(100) CHARACTER SET utf8 COLLATE utf8_general_ci NOT NULL,
  PRIMARY KEY (`id`) USING BTREE,
  UNIQUE INDEX `django_content_type_app_label_model_76bd3d3b_uniq`(`app_label` ASC, `model` ASC) USING BTREE
) ENGINE = InnoDB AUTO_INCREMENT = 13 CHARACTER SET = utf8 COLLATE = utf8_general_ci ROW_FORMAT = Dynamic;

-- ----------------------------
-- Records of django_content_type
-- ----------------------------
INSERT INTO `django_content_type` VALUES (1, 'admin', 'logentry');
INSERT INTO `django_content_type` VALUES (3, 'auth', 'group');
INSERT INTO `django_content_type` VALUES (2, 'auth', 'permission');
INSERT INTO `django_content_type` VALUES (12, 'comment', 'comment');
INSERT INTO `django_content_type` VALUES (4, 'contenttypes', 'contenttype');
INSERT INTO `django_content_type` VALUES (11, 'myadmin', 'mychunkedupload');
INSERT INTO `django_content_type` VALUES (5, 'sessions', 'session');
INSERT INTO `django_content_type` VALUES (6, 'thumbnail', 'kvstore');
INSERT INTO `django_content_type` VALUES (10, 'users', 'feedback');
INSERT INTO `django_content_type` VALUES (9, 'users', 'user');
INSERT INTO `django_content_type` VALUES (8, 'video', 'classification');
INSERT INTO `django_content_type` VALUES (7, 'video', 'video');

-- ----------------------------
-- Table structure for django_migrations
-- ----------------------------
DROP TABLE IF EXISTS `django_migrations`;
CREATE TABLE `django_migrations`  (
  `id` int NOT NULL AUTO_INCREMENT,
  `app` varchar(255) CHARACTER SET utf8 COLLATE utf8_general_ci NOT NULL,
  `name` varchar(255) CHARACTER SET utf8 COLLATE utf8_general_ci NOT NULL,
  `applied` datetime(6) NOT NULL,
  PRIMARY KEY (`id`) USING BTREE
) ENGINE = InnoDB AUTO_INCREMENT = 37 CHARACTER SET = utf8 COLLATE = utf8_general_ci ROW_FORMAT = Dynamic;

-- ----------------------------
-- Records of django_migrations
-- ----------------------------
INSERT INTO `django_migrations` VALUES (1, 'contenttypes', '0001_initial', '2022-12-08 21:18:07.268524');
INSERT INTO `django_migrations` VALUES (2, 'contenttypes', '0002_remove_content_type_name', '2022-12-08 21:18:07.393539');
INSERT INTO `django_migrations` VALUES (3, 'auth', '0001_initial', '2022-12-08 21:18:07.799782');
INSERT INTO `django_migrations` VALUES (4, 'auth', '0002_alter_permission_name_max_length', '2022-12-08 21:18:07.893540');
INSERT INTO `django_migrations` VALUES (5, 'auth', '0003_alter_user_email_max_length', '2022-12-08 21:18:07.909163');
INSERT INTO `django_migrations` VALUES (6, 'auth', '0004_alter_user_username_opts', '2022-12-08 21:18:07.909163');
INSERT INTO `django_migrations` VALUES (7, 'auth', '0005_alter_user_last_login_null', '2022-12-08 21:18:07.924789');
INSERT INTO `django_migrations` VALUES (8, 'auth', '0006_require_contenttypes_0002', '2022-12-08 21:18:07.924789');
INSERT INTO `django_migrations` VALUES (9, 'auth', '0007_alter_validators_add_error_messages', '2022-12-08 21:18:07.940407');
INSERT INTO `django_migrations` VALUES (10, 'auth', '0008_alter_user_username_max_length', '2022-12-08 21:18:07.940407');
INSERT INTO `django_migrations` VALUES (11, 'auth', '0009_alter_user_last_name_max_length', '2022-12-08 21:18:07.956032');
INSERT INTO `django_migrations` VALUES (12, 'users', '0001_initial', '2022-12-08 21:18:08.487275');
INSERT INTO `django_migrations` VALUES (13, 'admin', '0001_initial', '2022-12-08 21:18:08.799788');
INSERT INTO `django_migrations` VALUES (14, 'admin', '0002_logentry_remove_auto_add', '2022-12-08 21:18:08.799788');
INSERT INTO `django_migrations` VALUES (15, 'admin', '0003_logentry_add_action_flag_choices', '2022-12-08 21:18:08.815394');
INSERT INTO `django_migrations` VALUES (16, 'auth', '0010_alter_group_name_max_length', '2022-12-08 21:18:09.643528');
INSERT INTO `django_migrations` VALUES (17, 'auth', '0011_update_proxy_permissions', '2022-12-08 21:18:09.659160');
INSERT INTO `django_migrations` VALUES (18, 'auth', '0012_alter_user_first_name_max_length', '2022-12-08 21:18:09.659160');
INSERT INTO `django_migrations` VALUES (19, 'video', '0001_initial', '2022-12-08 21:18:10.237286');
INSERT INTO `django_migrations` VALUES (20, 'comment', '0001_initial', '2022-12-08 21:18:10.424779');
INSERT INTO `django_migrations` VALUES (21, 'myadmin', '0001_initial', '2022-12-08 21:18:10.549793');
INSERT INTO `django_migrations` VALUES (22, 'myadmin', '0002_setting', '2022-12-08 21:18:10.596645');
INSERT INTO `django_migrations` VALUES (23, 'myadmin', '0003_delete_setting', '2022-12-08 21:18:10.612280');
INSERT INTO `django_migrations` VALUES (24, 'sessions', '0001_initial', '2022-12-08 21:18:10.721655');
INSERT INTO `django_migrations` VALUES (25, 'thumbnail', '0001_initial', '2022-12-08 21:18:10.799793');
INSERT INTO `django_migrations` VALUES (26, 'users', '0002_auto_20181226_2050', '2022-12-08 21:18:10.893555');
INSERT INTO `django_migrations` VALUES (27, 'users', '0003_auto_20220616_2056', '2022-12-08 21:18:11.049782');
INSERT INTO `django_migrations` VALUES (28, 'video', '0002_video_status', '2022-12-08 21:18:11.143528');
INSERT INTO `django_migrations` VALUES (29, 'video', '0003_video_cover', '2022-12-08 21:18:11.237279');
INSERT INTO `django_migrations` VALUES (30, 'video', '0004_auto_20181222_1959', '2022-12-08 21:18:11.346655');
INSERT INTO `django_migrations` VALUES (31, 'video', '0005_auto_20181223_1531', '2022-12-08 21:18:11.471653');
INSERT INTO `django_migrations` VALUES (32, 'video', '0006_auto_20181223_1547', '2022-12-08 21:18:11.487275');
INSERT INTO `django_migrations` VALUES (33, 'video', '0007_auto_20181225_2052', '2022-12-08 21:18:11.502891');
INSERT INTO `django_migrations` VALUES (34, 'video', '0008_classification', '2022-12-08 21:18:11.659152');
INSERT INTO `django_migrations` VALUES (35, 'video', '0009_auto_20181228_1519', '2022-12-08 21:18:11.909158');
INSERT INTO `django_migrations` VALUES (36, 'video', '0010_alter_video_cover', '2022-12-08 21:18:11.924777');

-- ----------------------------
-- Table structure for django_session
-- ----------------------------
DROP TABLE IF EXISTS `django_session`;
CREATE TABLE `django_session`  (
  `session_key` varchar(40) CHARACTER SET utf8 COLLATE utf8_general_ci NOT NULL,
  `session_data` longtext CHARACTER SET utf8 COLLATE utf8_general_ci NOT NULL,
  `expire_date` datetime(6) NOT NULL,
  PRIMARY KEY (`session_key`) USING BTREE,
  INDEX `django_session_expire_date_a5c62663`(`expire_date` ASC) USING BTREE
) ENGINE = InnoDB CHARACTER SET = utf8 COLLATE = utf8_general_ci ROW_FORMAT = Dynamic;

-- ----------------------------
-- Records of django_session
-- ----------------------------
INSERT INTO `django_session` VALUES ('081ou2scgqo1ij78ouge93deha6jm5xf', '.eJxVjDsOwjAQBe_iGln-26Gkzxms9e4aB1Ai5VMh7k4ipYD2zcx7iwzb2vK28JwHEldhlbj8jgXwyeNB6AHjfZI4jes8FHko8qSL7Cfi1-10_w4aLG2vtfOxIAdGZh3YJIs1BU8a0VuTSnVK164LkKIPNgIQ7T45Bd4U5VB8vhsjOJM:1pa8bT:sslLpkOOjdO5OqsLJaEDNUpMeQm65Oq8IQTkUOTcbWg', '2023-03-23 13:14:11.302975');
INSERT INTO `django_session` VALUES ('08ro5llnrq2jxdw1mjwdkguaxbmwrepg', '.eJxVjDsOwjAQBe_iGln-26Gkzxms9e4aB1Ai5VMh7k4ipYD2zcx7iwzb2vK28JwHEldhlbj8jgXwyeNB6AHjfZI4jes8FHko8qSL7Cfi1-10_w4aLG2vtfOxIAdGZh3YJIs1BU8a0VuTSnVK164LkKIPNgIQ7T45Bd4U5VB8vhsjOJM:1qA8g5:lVpokeyGmfBeurBRWt3eFJQV53ddM9vX0__USmI8_kc', '2023-06-30 20:35:45.139753');
INSERT INTO `django_session` VALUES ('0b9kl31wexs9hc9vvz5t8t0k4yifmtm6', '.eJxVjDsOwjAQBe_iGln-26Gkzxms9e4aB1Ai5VMh7k4ipYD2zcx7iwzb2vK28JwHEldhlbj8jgXwyeNB6AHjfZI4jes8FHko8qSL7Cfi1-10_w4aLG2vtfOxIAdGZh3YJIs1BU8a0VuTSnVK164LkKIPNgIQ7T45Bd4U5VB8vhsjOJM:1ps1M9:9QLJyLrW9Vd00fvKxU8f2-nBiPqwS2sPK3oUY6b7sAU', '2023-05-11 21:08:17.156313');
INSERT INTO `django_session` VALUES ('0eaia6gd2eehr0h2iomo9rz89gwvlwdd', '.eJxVjDsOwjAQBe_iGln-26Gkzxms9e4aB1Ai5VMh7k4ipYD2zcx7iwzb2vK28JwHEldhlbj8jgXwyeNB6AHjfZI4jes8FHko8qSL7Cfi1-10_w4aLG2vtfOxIAdGZh3YJIs1BU8a0VuTSnVK164LkKIPNgIQ7T45Bd4U5VB8vhsjOJM:1pcmd2:oe1Rl51Jbkbm81G16H8TRNv2emK1uuZ0i2ULN0yPQr0', '2023-03-30 20:22:44.686000');
INSERT INTO `django_session` VALUES ('0j7bbk3js9cte8mnvea20us7j5st2enr', '.eJxVjDsOwjAQBe_iGlnOxmvHlPQ5Q7Rrr0kA2VI-FeLuJFIKaN_MvLcaaFvHYVtkHqakrqox6vI7MsWnlIOkB5V71bGWdZ5YH4o-6aL7muR1O92_g5GWca8FO_QuGELfgG-tWOsgRKYALTgBRjAZmY2H1uTdBeyaDJTQegoS1ecLzZI25g:1pDmfp:2qWROlZ9G0N5NqkHS0smac7DUbiKR-aiQZ4tKIZGXrI', '2023-01-20 21:22:17.061837');
INSERT INTO `django_session` VALUES ('0ji4u98x7euwx0e94fxjjxq45jgdyrfh', '.eJxVjDsOwjAQBe_iGln-26Gkzxms9e4aB1Ai5VMh7k4ipYD2zcx7iwzb2vK28JwHEldhlbj8jgXwyeNB6AHjfZI4jes8FHko8qSL7Cfi1-10_w4aLG2vtfOxIAdGZh3YJIs1BU8a0VuTSnVK164LkKIPNgIQ7T45Bd4U5VB8vhsjOJM:1pp3ws:W7PV3ypjvMNDXdl2W38VD3iIbJD187KMd0uwCAexK_U', '2023-05-03 17:17:58.197431');
INSERT INTO `django_session` VALUES ('0lrqiyj14q68shj8590whmjc1bm2h95n', '.eJxVjDsOwjAQBe_iGln-26Gkzxms9e4aB1Ai5VMh7k4ipYD2zcx7iwzb2vK28JwHEldhlbj8jgXwyeNB6AHjfZI4jes8FHko8qSL7Cfi1-10_w4aLG2vtfOxIAdGZh3YJIs1BU8a0VuTSnVK164LkKIPNgIQ7T45Bd4U5VB8vhsjOJM:1pliX7:lQqd_99WwAvez0OVs80t95au267bnoX_ELtcuJ1Vos8', '2023-04-24 11:49:33.747803');
INSERT INTO `django_session` VALUES ('0ly1xo2ax9vjgib4jy1eso00fng3pj82', '.eJxVjDsOwjAQBe_iGln-26Gkzxms9e4aB1Ai5VMh7k4ipYD2zcx7iwzb2vK28JwHEldhlbj8jgXwyeNB6AHjfZI4jes8FHko8qSL7Cfi1-10_w4aLG2vtfOxIAdGZh3YJIs1BU8a0VuTSnVK164LkKIPNgIQ7T45Bd4U5VB8vhsjOJM:1pmR6I:ZagNMyfldWcvEVX0Zj73ujqF4rOb_RtyW1XJHpTIdY0', '2023-04-26 11:24:50.868181');
INSERT INTO `django_session` VALUES ('0pbuptg68nkyoqadje30fp27k1w8auhw', '.eJxVjDsOwjAQBe_iGln-26Gkzxms9e4aB1Ai5VMh7k4ipYD2zcx7iwzb2vK28JwHEldhlbj8jgXwyeNB6AHjfZI4jes8FHko8qSL7Cfi1-10_w4aLG2vtfOxIAdGZh3YJIs1BU8a0VuTSnVK164LkKIPNgIQ7T45Bd4U5VB8vhsjOJM:1q2PmK:wXABlYhrx1I8gszWpf5nReUtGLYLTw1kVatHA-5Tn8Y', '2023-06-09 13:14:16.224231');
INSERT INTO `django_session` VALUES ('0sd42o61wkcj1618ku5tn55laf9ux2ub', '.eJxVjDsOwyAQBe9CHSEwX6dM7zOgBXaDkwgkY1dR7h5bcpG0b2bemwXY1hK2jkuYM7sy5djld4yQnlgPkh9Q742nVtdljvxQ-Ek7n1rG1-10_w4K9LLXJhrhk02YNZFXhEQxWkteowUgkbQds0CnBZEESWIYTPS7Q066pEb2-QJF_jlm:1ptmdJ:l5Ot9eDikHQHiNYAy9LesqxHQyifDL68axtWaVc2T0A', '2023-05-16 17:49:17.823347');
INSERT INTO `django_session` VALUES ('0ti8obkb79fqar8rg1sljclwpwaw7jno', '.eJxVjDsOwjAQBe_iGlnx-ruU9DmDtf7hAHKkOKkQdyeRUkA7M--9madtrX7refFTYlcGml1-YaD4zO0w6UHtPvM4t3WZAj8SftrOxznl1-1s_w4q9bqvRRTKKVeKi9LiEAGTAYlmUNLJnRWwxaQotEVUQQcsYJwgkQxJAgT2-QLgBjcC:1pSxdt:uBzNjPYGhblPzHSziz6VN6E_ytlSYnbQRQowzvNuvEw', '2023-03-03 18:07:01.376760');
INSERT INTO `django_session` VALUES ('150y5x5365i2vgwzjmbepnbqhosuilrh', '.eJxVjDsOwjAQBe_iGln-26Gkzxms9e4aB1Ai5VMh7k4ipYD2zcx7iwzb2vK28JwHEldhlbj8jgXwyeNB6AHjfZI4jes8FHko8qSL7Cfi1-10_w4aLG2vtfOxIAdGZh3YJIs1BU8a0VuTSnVK164LkKIPNgIQ7T45Bd4U5VB8vhsjOJM:1pml5T:eZDXHdEKNAKirEZrVEXNxjeCzhULg7i6L1yKZiph8u8', '2023-04-27 08:45:19.110099');
INSERT INTO `django_session` VALUES ('15ptejyw4zno3bh2zrg8z71us8b8p6uj', '.eJxVjDsOwjAQBe_iGln-26Gkzxms9e4aB1Ai5VMh7k4ipYD2zcx7iwzb2vK28JwHEldhlbj8jgXwyeNB6AHjfZI4jes8FHko8qSL7Cfi1-10_w4aLG2vtfOxIAdGZh3YJIs1BU8a0VuTSnVK164LkKIPNgIQ7T45Bd4U5VB8vhsjOJM:1qGUJQ:ohnJgkEtx9C8JcivOVutY5AzI1l7JrPnetqXi7ty8mo', '2023-07-18 08:54:36.889768');
INSERT INTO `django_session` VALUES ('16tusktq3ybnac3itsakbv10tcf2co3w', '.eJxVjDsOwjAQBe_iGln-26Gkzxms9e4aB1Ai5VMh7k4ipYD2zcx7iwzb2vK28JwHEldhlbj8jgXwyeNB6AHjfZI4jes8FHko8qSL7Cfi1-10_w4aLG2vtfOxIAdGZh3YJIs1BU8a0VuTSnVK164LkKIPNgIQ7T45Bd4U5VB8vhsjOJM:1pvwSZ:FoTRPi_dDnJBg0V7TYn-JyifIwSHvuJzbmY-8nFvLY8', '2023-05-22 16:43:07.654030');
INSERT INTO `django_session` VALUES ('190hel79n8kxsos5zl4f6krrvri5if3l', '.eJxVjDsOwjAQBe_iGln-26Gkzxms9e4aB1Ai5VMh7k4ipYD2zcx7iwzb2vK28JwHEldhlbj8jgXwyeNB6AHjfZI4jes8FHko8qSL7Cfi1-10_w4aLG2vtfOxIAdGZh3YJIs1BU8a0VuTSnVK164LkKIPNgIQ7T45Bd4U5VB8vhsjOJM:1qDi7H:z_M_YR71RzxhgOJL2nb9CM1nqivlOSBdknopWXBc8C8', '2023-07-10 17:02:35.915848');
INSERT INTO `django_session` VALUES ('1cxb6j4uxl02qr54pvmjylatyp4upl49', '.eJxVjDsOwjAQBe_iGln-26Gkzxms9e4aB1Ai5VMh7k4ipYD2zcx7iwzb2vK28JwHEldhlbj8jgXwyeNB6AHjfZI4jes8FHko8qSL7Cfi1-10_w4aLG2vtfOxIAdGZh3YJIs1BU8a0VuTSnVK164LkKIPNgIQ7T45Bd4U5VB8vhsjOJM:1q8GZF:r4SVHjyLl2Y2vcgVZ--zLxzgqS1hdOHlZ3XUIqtlgQk', '2023-06-25 16:36:57.374140');
INSERT INTO `django_session` VALUES ('1dbwyavuiz39znzw3lnn91t3lvoiwxh0', '.eJxVjDsOwjAQBe_iGln-26Gkzxms9e4aB1Ai5VMh7k4ipYD2zcx7iwzb2vK28JwHEldhlbj8jgXwyeNB6AHjfZI4jes8FHko8qSL7Cfi1-10_w4aLG2vtfOxIAdGZh3YJIs1BU8a0VuTSnVK164LkKIPNgIQ7T45Bd4U5VB8vhsjOJM:1psHxm:VkpnTePbL-A_ejBcMf36IoDkjSCozXx3AYwN0vURb0U', '2023-05-12 14:52:14.336027');
INSERT INTO `django_session` VALUES ('1eix7b3sm6mk4mfl82kktihmow3sg1i0', '.eJxVjDsOwjAQBe_iGln-26Gkzxms9e4aB1Ai5VMh7k4ipYD2zcx7iwzb2vK28JwHEldhlbj8jgXwyeNB6AHjfZI4jes8FHko8qSL7Cfi1-10_w4aLG2vtfOxIAdGZh3YJIs1BU8a0VuTSnVK164LkKIPNgIQ7T45Bd4U5VB8vhsjOJM:1q5H3H:ALjlTdxDQ8pGQjh_PeD6mM3UAzrMQGEBwqolruIj-54', '2023-06-17 10:31:35.353551');
INSERT INTO `django_session` VALUES ('1gemxrikr5l71vszwgmqqnw58efn4q8g', '.eJxVjDsOwjAQBe_iGln-26Gkzxms9e4aB1Ai5VMh7k4ipYD2zcx7iwzb2vK28JwHEldhlbj8jgXwyeNB6AHjfZI4jes8FHko8qSL7Cfi1-10_w4aLG2vtfOxIAdGZh3YJIs1BU8a0VuTSnVK164LkKIPNgIQ7T45Bd4U5VB8vhsjOJM:1pzU0a:oiLH_fNKeKzjMwls5rehQjOLrvVa-mDh8ZZzyEKbA_8', '2023-06-01 11:08:52.073231');
INSERT INTO `django_session` VALUES ('1n6lxhw7kpnecy6jp5xr3i6bp6w7z08g', '.eJxVjDsOwjAQBe_iGln-26Gkzxms9e4aB1Ai5VMh7k4ipYD2zcx7iwzb2vK28JwHEldhlbj8jgXwyeNB6AHjfZI4jes8FHko8qSL7Cfi1-10_w4aLG2vtfOxIAdGZh3YJIs1BU8a0VuTSnVK164LkKIPNgIQ7T45Bd4U5VB8vhsjOJM:1qBYr7:N8fzfNJEec7AVrNq6yWwWL4LSwlI3v8McfcNcpwb_K0', '2023-07-04 18:45:01.443702');
INSERT INTO `django_session` VALUES ('1ny2pj7fuxzdv9l37ajts2gjgd151rw4', '.eJxVjDsOwjAQBe_iGln-26Gkzxms9e4aB1Ai5VMh7k4ipYD2zcx7iwzb2vK28JwHEldhlbj8jgXwyeNB6AHjfZI4jes8FHko8qSL7Cfi1-10_w4aLG2vtfOxIAdGZh3YJIs1BU8a0VuTSnVK164LkKIPNgIQ7T45Bd4U5VB8vhsjOJM:1paaKE:Na9uL33G087e7MQwxdYpjq7UJTYjpfTHcDVk4ojpAXU', '2023-03-24 18:50:14.789900');
INSERT INTO `django_session` VALUES ('1wcmp85a8k1rwdiha819y6jjpatik8ht', '.eJxVjDsOwjAQBe_iGln-26Gkzxms9e4aB1Ai5VMh7k4ipYD2zcx7iwzb2vK28JwHEldhlbj8jgXwyeNB6AHjfZI4jes8FHko8qSL7Cfi1-10_w4aLG2vtfOxIAdGZh3YJIs1BU8a0VuTSnVK164LkKIPNgIQ7T45Bd4U5VB8vhsjOJM:1pusrE:9OCqsNXoHLV4iBSI6jL_BHit_MnoNkpuvwCPDAw_lOM', '2023-05-19 18:40:12.342339');
INSERT INTO `django_session` VALUES ('200tt79v21uog1yz3bvirkrrcfque4ic', '.eJxVjDsOwjAQBe_iGln-YceU9DmDtbte4wBypDipEHeHSCmgfTPzXiLBtta0dV7SlMVFaHH63RDowW0H-Q7tNkua27pMKHdFHrTLcc78vB7u30GFXr91ccURg7KRvAEXATCcNYLP3gSiwYaivTdFDcSorI-6YNBsXdZAkYJ4fwD6UDhc:1p3H5d:2SR4ybBH0YasbvyZt37Dsux_uw0hLf2OYlOvstShjbU', '2022-12-22 21:37:29.879564');
INSERT INTO `django_session` VALUES ('22mdshxolvqqgeyqooqv1xpiwqzw3935', '.eJxVjDsOwjAQBe_iGln-26Gkzxms9e4aB1Ai5VMh7k4ipYD2zcx7iwzb2vK28JwHEldhlbj8jgXwyeNB6AHjfZI4jes8FHko8qSL7Cfi1-10_w4aLG2vtfOxIAdGZh3YJIs1BU8a0VuTSnVK164LkKIPNgIQ7T45Bd4U5VB8vhsjOJM:1qDJPU:OGo6hyNxdiPYJt7sLS2tSyjQbbzgp1uUgYK_F9RBI_s', '2023-07-09 14:39:44.666830');
INSERT INTO `django_session` VALUES ('243nmzbwns1k4z91yalcxh38xha3zheh', '.eJxVjDsOwjAQBe_iGln-26Gkzxms9e4aB1Ai5VMh7k4ipYD2zcx7iwzb2vK28JwHEldhlbj8jgXwyeNB6AHjfZI4jes8FHko8qSL7Cfi1-10_w4aLG2vtfOxIAdGZh3YJIs1BU8a0VuTSnVK164LkKIPNgIQ7T45Bd4U5VB8vhsjOJM:1q4uy1:rpXpVHup1q6I2MwHn_bDd9jzyTLMnSi_jA-sMwfwzPg', '2023-06-16 10:56:41.538864');
INSERT INTO `django_session` VALUES ('25o5ogpwgderxyy0mmty30rorv8rus2n', '.eJxVjDsOwjAQBe_iGln-26Gkzxms9e4aB1Ai5VMh7k4ipYD2zcx7iwzb2vK28JwHEldhlbj8jgXwyeNB6AHjfZI4jes8FHko8qSL7Cfi1-10_w4aLG2vtfOxIAdGZh3YJIs1BU8a0VuTSnVK164LkKIPNgIQ7T45Bd4U5VB8vhsjOJM:1pfOKY:_p-KRnwemSB7F8OmJ8ePE49EaQrJmx8cFUujk9Jrl3w', '2023-04-07 01:02:26.894655');
INSERT INTO `django_session` VALUES ('25udrwbbnyf0rg5t0tdxq2f6fdabkcvk', '.eJxVjDsOwjAQBe_iGln-26Gkzxms9e4aB1Ai5VMh7k4ipYD2zcx7iwzb2vK28JwHEldhlbj8jgXwyeNB6AHjfZI4jes8FHko8qSL7Cfi1-10_w4aLG2vtfOxIAdGZh3YJIs1BU8a0VuTSnVK164LkKIPNgIQ7T45Bd4U5VB8vhsjOJM:1pdTi1:a_oDrc2WXgKmrwOttMbsZej5bhTNyGyA2wghtM-HmvM', '2023-04-01 18:22:45.468811');
INSERT INTO `django_session` VALUES ('2arv105ebl5c9atve1myo3o1fz3t8rud', '.eJxVjEEOwiAQRe_C2hCnwEBduu8ZyHQGpGpoUtqV8e7apAvd_vfef6lI21ri1tISJ1EXBUGdfseR-JHqTuRO9TZrnuu6TKPeFX3QpodZ0vN6uH8HhVr51pyxIxbuziMY9CaLR-_EYo_A1gSTg_eOHaFn64hQUtcDQg9GjEug3h8GGTeF:1pHi5S:KVC_OPyxmWl3zOiNxeMirsb72cDPB4K2GpHznBhBEys', '2023-01-31 17:16:58.028996');
INSERT INTO `django_session` VALUES ('2ed0hpmmp3tekefe6kiss8ipmv42wcs8', '.eJxVjDsOwjAQBe_iGln-26Gkzxms9e4aB1Ai5VMh7k4ipYD2zcx7iwzb2vK28JwHEldhlbj8jgXwyeNB6AHjfZI4jes8FHko8qSL7Cfi1-10_w4aLG2vtfOxIAdGZh3YJIs1BU8a0VuTSnVK164LkKIPNgIQ7T45Bd4U5VB8vhsjOJM:1pjyxg:6lUohryKXsdzLnYsWKOYiHuy9EPhz3wcSh2RTXwXI4w', '2023-04-19 16:57:48.295766');
INSERT INTO `django_session` VALUES ('2imovg3rd2yclbkqj5vtgx48egut620v', '.eJxVjDsOwjAQBe_iGln-26Gkzxms9e4aB1Ai5VMh7k4ipYD2zcx7iwzb2vK28JwHEldhlbj8jgXwyeNB6AHjfZI4jes8FHko8qSL7Cfi1-10_w4aLG2vtfOxIAdGZh3YJIs1BU8a0VuTSnVK164LkKIPNgIQ7T45Bd4U5VB8vhsjOJM:1pxP2V:f0kqAvV1XzlOIEssG7vkuf7ZhN9XdIyZvuxoPAD5lE4', '2023-05-26 17:26:15.773574');
INSERT INTO `django_session` VALUES ('2kwwwu66ysp3m73gvvscus6dfmbxzxgw', '.eJxVjDsOwjAQBe_iGln-26Gkzxms9e4aB1Ai5VMh7k4ipYD2zcx7iwzb2vK28JwHEldhlbj8jgXwyeNB6AHjfZI4jes8FHko8qSL7Cfi1-10_w4aLG2vtfOxIAdGZh3YJIs1BU8a0VuTSnVK164LkKIPNgIQ7T45Bd4U5VB8vhsjOJM:1ppoS7:C-findk7PojcOan4_vjxf4lXMYs2C2WDld7OQZrA1Qo', '2023-05-05 18:57:19.092007');
INSERT INTO `django_session` VALUES ('2llmy428uxrok623r6yvx0cz3oen9bwt', '.eJxVjDsOwjAQBe_iGln-26Gkzxms9e4aB1Ai5VMh7k4ipYD2zcx7iwzb2vK28JwHEldhlbj8jgXwyeNB6AHjfZI4jes8FHko8qSL7Cfi1-10_w4aLG2vtfOxIAdGZh3YJIs1BU8a0VuTSnVK164LkKIPNgIQ7T45Bd4U5VB8vhsjOJM:1pq945:YEHQde3scgjfUgbUtNdbkqFBpLtIAkTE4LTttPXZ7JY', '2023-05-06 16:57:53.570191');
INSERT INTO `django_session` VALUES ('2mb1hpp97ni7smlnvjt4wtqxpe5wspke', '.eJxVjDsOwjAQBe_iGln-26Gkzxms9e4aB1Ai5VMh7k4ipYD2zcx7iwzb2vK28JwHEldhlbj8jgXwyeNB6AHjfZI4jes8FHko8qSL7Cfi1-10_w4aLG2vtfOxIAdGZh3YJIs1BU8a0VuTSnVK164LkKIPNgIQ7T45Bd4U5VB8vhsjOJM:1qHanK:ksO-rDvHLSiOHUssOyN52XujKp1iv97gr8Ig4nkWdto', '2023-07-21 10:02:02.910157');
INSERT INTO `django_session` VALUES ('2okugcyw73cu9qoyl24s8mnut4s5he6i', '.eJxVjDsOwjAQBe_iGln-26Gkzxms9e4aB1Ai5VMh7k4ipYD2zcx7iwzb2vK28JwHEldhlbj8jgXwyeNB6AHjfZI4jes8FHko8qSL7Cfi1-10_w4aLG2vtfOxIAdGZh3YJIs1BU8a0VuTSnVK164LkKIPNgIQ7T45Bd4U5VB8vhsjOJM:1q9jKW:Mqe02rlbL1lt3MQQ2u5P9cpwuXPr1HPqt0X4sS2glbw', '2023-06-29 17:31:48.196219');
INSERT INTO `django_session` VALUES ('2qb2tldendcntcwazqgiwebmxqi7iizt', '.eJxVjDsOwjAQBe_iGln-26Gkzxms9e4aB1Ai5VMh7k4ipYD2zcx7iwzb2vK28JwHEldhlbj8jgXwyeNB6AHjfZI4jes8FHko8qSL7Cfi1-10_w4aLG2vtfOxIAdGZh3YJIs1BU8a0VuTSnVK164LkKIPNgIQ7T45Bd4U5VB8vhsjOJM:1pzAuG:HDxtRTMqGa_GVEQNBVTOyXFca0FuvLERGiJ77v_uEzg', '2023-05-31 14:45:04.878417');
INSERT INTO `django_session` VALUES ('2s14gng8cadv11zd2l1fsym085c7ida7', '.eJxVjDsOwjAQBe_iGln-YceU9DmDtbte4wBypDipEHeHSCmgfTPzXiLBtta0dV7SlMVFaHH63RDowW0H-Q7tNkua27pMKHdFHrTLcc78vB7u30GFXr91ccURg7KRvAEXATCcNYLP3gSiwYaivTdFDcSorI-6YNBsXdZAkYJ4fwD6UDhc:1pFwyR:SB4OM78PKf-2c3Byj_epBtlHJnukME56kuCqpvQ7stU', '2023-01-26 20:46:27.551398');
INSERT INTO `django_session` VALUES ('2s4txkogznfh3c5azh4qwalxygttxy9q', '.eJxVjMsKwyAQAP_Fc5Fdn9hj7_0G0XVT0xYDMTmF_nsRcmivM8McIqZ9q3HvvMa5iKswIC6_MCd6cRumPFN7LJKWtq1zliORp-3yvhR-3872b1BTr-PrJ88heNQlFGCwjJomZ0xSCgIopmIxa6SMGQ3kBIBIyhrnNDmH4vMF8eo3HA:1pwiTo:ArSo7042gvpwm3izGgwE7pxS-K03ZFx2gYx-lyvu0O0', '2023-05-24 19:59:36.215362');
INSERT INTO `django_session` VALUES ('2twq02wn2pj5b1kvpox27vns2lhhdjzg', '.eJxVjDsOwjAQBe_iGln-26Gkzxms9e4aB1Ai5VMh7k4ipYD2zcx7iwzb2vK28JwHEldhlbj8jgXwyeNB6AHjfZI4jes8FHko8qSL7Cfi1-10_w4aLG2vtfOxIAdGZh3YJIs1BU8a0VuTSnVK164LkKIPNgIQ7T45Bd4U5VB8vhsjOJM:1pwOQt:WIIEn2G3Jzg5a50et5u5Q_cuaPQm1nXwsnZT55f7YJ8', '2023-05-23 22:35:15.260993');
INSERT INTO `django_session` VALUES ('2x3okvjy61fdpa69ua25pa6ie3e43z1l', '.eJxVjDsOwjAQBe_iGln-26Gkzxms9e4aB1Ai5VMh7k4ipYD2zcx7iwzb2vK28JwHEldhlbj8jgXwyeNB6AHjfZI4jes8FHko8qSL7Cfi1-10_w4aLG2vtfOxIAdGZh3YJIs1BU8a0VuTSnVK164LkKIPNgIQ7T45Bd4U5VB8vhsjOJM:1ph3t0:bCNudX3wWJUolDC4Vgo83XREovtcHQkcYDma9vK-t8U', '2023-04-11 15:36:54.770167');
INSERT INTO `django_session` VALUES ('31sy9qi3nf56y50i7yt89pw0o195x488', '.eJxVjDsOwjAQBe_iGln-26Gkzxms9e4aB1Ai5VMh7k4ipYD2zcx7iwzb2vK28JwHEldhlbj8jgXwyeNB6AHjfZI4jes8FHko8qSL7Cfi1-10_w4aLG2vtfOxIAdGZh3YJIs1BU8a0VuTSnVK164LkKIPNgIQ7T45Bd4U5VB8vhsjOJM:1qGbTl:tKY8XHsvHCYCWKpMA1TusFkUS6l-ZzDmdVstmSQQZR8', '2023-07-18 16:33:45.628437');
INSERT INTO `django_session` VALUES ('337kfm4s2ilncpbpdiuxyh08h4jdiajv', '.eJxVjDsOwjAQBe_iGln-26Gkzxms9e4aB1Ai5VMh7k4ipYD2zcx7iwzb2vK28JwHEldhlbj8jgXwyeNB6AHjfZI4jes8FHko8qSL7Cfi1-10_w4aLG2vtfOxIAdGZh3YJIs1BU8a0VuTSnVK164LkKIPNgIQ7T45Bd4U5VB8vhsjOJM:1qHOX5:R2XKqWPZqwPHVW2BuerLXfD_5POiKL16iHi0Kt5LQuA', '2023-07-20 20:56:27.668489');
INSERT INTO `django_session` VALUES ('35rgx85ykm721kb80tmgyej69vatfen4', '.eJxVjDsOwjAQBe_iGln-26Gkzxms9e4aB1Ai5VMh7k4ipYD2zcx7iwzb2vK28JwHEldhlbj8jgXwyeNB6AHjfZI4jes8FHko8qSL7Cfi1-10_w4aLG2vtfOxIAdGZh3YJIs1BU8a0VuTSnVK164LkKIPNgIQ7T45Bd4U5VB8vhsjOJM:1pxQbv:lgbGcEmtivyWuMMthKbAUrnbEs0OjIkyeFJhsdyTh_0', '2023-05-26 19:06:55.816833');
INSERT INTO `django_session` VALUES ('39js0pcantph9pllgc6pgq7inlgbp12p', '.eJxVjMEOwiAQBf-FsyELCwgevfcbCLAgVQNJaU_Gf9cmPej1zcx7MR-2tfpt5MXPxC5MOHb6HWNIj9x2QvfQbp2n3tZljnxX-EEHnzrl5_Vw_w5qGPVbS4mCIJnkMBYBoQgjFZGNgGgREUK0SoEpUidbLJFLWmMGbSwoMmf2_gDx6Tc9:1pHjo5:3Qjs94SHduS6ZVGWYFBQLy_kwXbPg8aGaSBh35iIY8Y', '2023-01-31 19:07:09.693266');
INSERT INTO `django_session` VALUES ('3b78n3in87r8vmo4z67b9fft4sr8k7ik', '.eJxVjMsOwiAQRf-FtSE8OgIu3fcbmmEGpGogKe3K-O_apAvd3nPOfYkJt7VMW0_LNLO4CG3E6XeMSI9Ud8J3rLcmqdV1maPcFXnQLsfG6Xk93L-Dgr186-Q8gFUq5GwhaBOid5zYAKG3AKhZW8QcMgMSKSDnB4da05lZxTSI9wf_Tzhi:1pEXCO:KGYu2l86LBMljhAyYuR7lD5TLoGkgFc1tXFCiaLofh0', '2023-01-22 23:03:00.420294');
INSERT INTO `django_session` VALUES ('3biqq9qvn46r9rnozplcj5sce4zvzf5d', '.eJxVjDsOwjAQBe_iGln-26Gkzxms9e4aB1Ai5VMh7k4ipYD2zcx7iwzb2vK28JwHEldhlbj8jgXwyeNB6AHjfZI4jes8FHko8qSL7Cfi1-10_w4aLG2vtfOxIAdGZh3YJIs1BU8a0VuTSnVK164LkKIPNgIQ7T45Bd4U5VB8vhsjOJM:1px5po:knWLIOQWda1yb3KgB5P1S_sMuF7BvIXDOs2yXoaSuvo', '2023-05-25 20:55:52.199219');
INSERT INTO `django_session` VALUES ('3c2x77g2hpxgayrb7ol0od3wlruvwc1d', '.eJxVjDsOwjAQBe_iGln-26Gkzxms9e4aB1Ai5VMh7k4ipYD2zcx7iwzb2vK28JwHEldhlbj8jgXwyeNB6AHjfZI4jes8FHko8qSL7Cfi1-10_w4aLG2vtfOxIAdGZh3YJIs1BU8a0VuTSnVK164LkKIPNgIQ7T45Bd4U5VB8vhsjOJM:1q2OYN:cG59XABJt1WhCJ6cI-uSsD2nYhbB8DOrwfiB_q0ge98', '2023-06-09 11:55:47.251441');
INSERT INTO `django_session` VALUES ('3llkv91a1ipyztsaxkcx65ipje79x5yj', '.eJxVjDsOwjAQBe_iGln-26Gkzxms9e4aB1Ai5VMh7k4ipYD2zcx7iwzb2vK28JwHEldhlbj8jgXwyeNB6AHjfZI4jes8FHko8qSL7Cfi1-10_w4aLG2vtfOxIAdGZh3YJIs1BU8a0VuTSnVK164LkKIPNgIQ7T45Bd4U5VB8vhsjOJM:1q2Tf4:Cj3mGA_71oSEW3TjmtcNwmNMfch9ocCpPS1ce2-sWww', '2023-06-09 17:23:02.707665');
INSERT INTO `django_session` VALUES ('3n623jdz2dx4q5m5o6rv5dxfivhwb82r', '.eJxVjDsOwjAQBe_iGln-26Gkzxms9e4aB1Ai5VMh7k4ipYD2zcx7iwzb2vK28JwHEldhlbj8jgXwyeNB6AHjfZI4jes8FHko8qSL7Cfi1-10_w4aLG2vtfOxIAdGZh3YJIs1BU8a0VuTSnVK164LkKIPNgIQ7T45Bd4U5VB8vhsjOJM:1pZQNo:z4FeM9p44ldeZ_AVgtWr3SGE4cz9pO8biLLEoddagNk', '2023-03-21 14:01:08.548604');
INSERT INTO `django_session` VALUES ('3p0gvz4via803iy1yewqpwffh9tux5ub', '.eJxVjDsOwjAQBe_iGln-26Gkzxms9e4aB1Ai5VMh7k4ipYD2zcx7iwzb2vK28JwHEldhlbj8jgXwyeNB6AHjfZI4jes8FHko8qSL7Cfi1-10_w4aLG2vtfOxIAdGZh3YJIs1BU8a0VuTSnVK164LkKIPNgIQ7T45Bd4U5VB8vhsjOJM:1pwjw0:2aWpcHyfletxuOIy1R4fxZsC6PQedbpwSnbiSRyCmqk', '2023-05-24 21:32:48.172582');
INSERT INTO `django_session` VALUES ('3p4ojnlwtnc0bphj85k63ndrfsfo3zp0', '.eJxVjDsOwjAQBe_iGln-26Gkzxms9e4aB1Ai5VMh7k4ipYD2zcx7iwzb2vK28JwHEldhlbj8jgXwyeNB6AHjfZI4jes8FHko8qSL7Cfi1-10_w4aLG2vtfOxIAdGZh3YJIs1BU8a0VuTSnVK164LkKIPNgIQ7T45Bd4U5VB8vhsjOJM:1pqCOf:xK0rbA23p3bWKgBpr0XzIqt0WrXYJj0ibvRjcZ-VLLc', '2023-05-06 20:31:21.759516');
INSERT INTO `django_session` VALUES ('3pa14sahczfkh3thi2aijmf9qmukgj5e', '.eJxVjDsOwjAQBe_iGln-26Gkzxms9e4aB1Ai5VMh7k4ipYD2zcx7iwzb2vK28JwHEldhlbj8jgXwyeNB6AHjfZI4jes8FHko8qSL7Cfi1-10_w4aLG2vtfOxIAdGZh3YJIs1BU8a0VuTSnVK164LkKIPNgIQ7T45Bd4U5VB8vhsjOJM:1pZOaD:3Xc_lucp9gpmbCsSP4ZuYIqSmjvqWldOh8rPCN5fOYQ', '2023-03-21 12:05:49.741382');
INSERT INTO `django_session` VALUES ('3pudrpth95mr0xxeeyvd1mndwrcnaifo', '.eJxVjDsOwjAQBe_iGln-26Gkzxms9e4aB1Ai5VMh7k4ipYD2zcx7iwzb2vK28JwHEldhlbj8jgXwyeNB6AHjfZI4jes8FHko8qSL7Cfi1-10_w4aLG2vtfOxIAdGZh3YJIs1BU8a0VuTSnVK164LkKIPNgIQ7T45Bd4U5VB8vhsjOJM:1pnxuj:cC57mKxEu4xJYci8_kqJqz2cuJXLfjEWZXhaNAQ9ByU', '2023-04-30 16:39:13.665601');
INSERT INTO `django_session` VALUES ('3qh0rvnm7yv69ojtq1qda69js5yf4pe7', '.eJxVjDsOwjAQBe_iGln-26Gkzxms9e4aB1Ai5VMh7k4ipYD2zcx7iwzb2vK28JwHEldhlbj8jgXwyeNB6AHjfZI4jes8FHko8qSL7Cfi1-10_w4aLG2vtfOxIAdGZh3YJIs1BU8a0VuTSnVK164LkKIPNgIQ7T45Bd4U5VB8vhsjOJM:1qDq5Q:XvxQhMI5VRQPyEgqcltQQznUXmAbM-dW9Uf-caX57Tg', '2023-07-11 01:33:12.304360');
INSERT INTO `django_session` VALUES ('3rpxkac2mlvm8eso0bjirv6xr9pdupyj', '.eJxVjDsOwjAQBe_iGln-26Gkzxms9e4aB1Ai5VMh7k4ipYD2zcx7iwzb2vK28JwHEldhlbj8jgXwyeNB6AHjfZI4jes8FHko8qSL7Cfi1-10_w4aLG2vtfOxIAdGZh3YJIs1BU8a0VuTSnVK164LkKIPNgIQ7T45Bd4U5VB8vhsjOJM:1qHMsd:HqRY3tPqk8m05HRW7IJHC5oQr_8zoCRWMFnKRfRV56g', '2023-07-20 19:10:35.110556');
INSERT INTO `django_session` VALUES ('3y6vqian2x9ooaqy9pe28apli5pxgosb', '.eJxVjDsOwjAQBe_iGln-26Gkzxms9e4aB1Ai5VMh7k4ipYD2zcx7iwzb2vK28JwHEldhlbj8jgXwyeNB6AHjfZI4jes8FHko8qSL7Cfi1-10_w4aLG2vtfOxIAdGZh3YJIs1BU8a0VuTSnVK164LkKIPNgIQ7T45Bd4U5VB8vhsjOJM:1pu2kr:fraQISKec4cQ6hTIctfVQtRoMKYkEXiA2y9sn9cK650', '2023-05-17 11:02:09.886012');
INSERT INTO `django_session` VALUES ('42bid9u8du9zmsfjbvk9vr3qwmfbs6ff', '.eJxVjDsOwjAQBe_iGln-26Gkzxms9e4aB1Ai5VMh7k4ipYD2zcx7iwzb2vK28JwHEldhlbj8jgXwyeNB6AHjfZI4jes8FHko8qSL7Cfi1-10_w4aLG2vtfOxIAdGZh3YJIs1BU8a0VuTSnVK164LkKIPNgIQ7T45Bd4U5VB8vhsjOJM:1px85D:YxTuRKD9SI42yALTkabUudh2NZ6QKdII__3HbZ8pwCo', '2023-05-25 23:19:55.813910');
INSERT INTO `django_session` VALUES ('44blxcg4iiw1e84atv8ql3p1oalbiuif', '.eJxVjDsOwjAQBe_iGln-26Gkzxms9e4aB1Ai5VMh7k4ipYD2zcx7iwzb2vK28JwHEldhlbj8jgXwyeNB6AHjfZI4jes8FHko8qSL7Cfi1-10_w4aLG2vtfOxIAdGZh3YJIs1BU8a0VuTSnVK164LkKIPNgIQ7T45Bd4U5VB8vhsjOJM:1qFj1A:fKR2Pgh-wZg_VgMB4e4wxp_PXUA53SEwIA3cnNnA9yU', '2023-07-16 06:24:36.654085');
INSERT INTO `django_session` VALUES ('46b7s91dvnwlvn0zvz9whnx8l9toxzyf', '.eJxVjDsOwjAQBe_iGln-26Gkzxms9e4aB1Ai5VMh7k4ipYD2zcx7iwzb2vK28JwHEldhlbj8jgXwyeNB6AHjfZI4jes8FHko8qSL7Cfi1-10_w4aLG2vtfOxIAdGZh3YJIs1BU8a0VuTSnVK164LkKIPNgIQ7T45Bd4U5VB8vhsjOJM:1pgOFd:iKwtSLR8B97alzPd1uEx_8tlZC9kE13_2y-L0KownoQ', '2023-04-09 19:09:29.079429');
INSERT INTO `django_session` VALUES ('49itfy207n4zs3j5515fvow7grtvdj3n', '.eJxVjDsOwjAQBe_iGln-26Gkzxms9e4aB1Ai5VMh7k4ipYD2zcx7iwzb2vK28JwHEldhlbj8jgXwyeNB6AHjfZI4jes8FHko8qSL7Cfi1-10_w4aLG2vtfOxIAdGZh3YJIs1BU8a0VuTSnVK164LkKIPNgIQ7T45Bd4U5VB8vhsjOJM:1pjfKh:Ih4GgFO_2gK5ENYDbJP0vBxW6pvMO9KGfxla1dX3Egw', '2023-04-18 20:00:15.107145');
INSERT INTO `django_session` VALUES ('4cfnbiehvd8lkentkjizwzuqwikiymba', '.eJxVjDsOwjAQBe_iGln-26Gkzxms9e4aB1Ai5VMh7k4ipYD2zcx7iwzb2vK28JwHEldhlbj8jgXwyeNB6AHjfZI4jes8FHko8qSL7Cfi1-10_w4aLG2vtfOxIAdGZh3YJIs1BU8a0VuTSnVK164LkKIPNgIQ7T45Bd4U5VB8vhsjOJM:1pdWPE:TL6d5yWBMr21YyrjEKgn-ru7P7WQHPPxiQaO4WBWx8w', '2023-04-01 21:15:32.217695');
INSERT INTO `django_session` VALUES ('4sbsmqy3pckl0o7o07sypqlthkb8vd3n', '.eJxVjDsOwjAQBe_iGln-26Gkzxms9e4aB1Ai5VMh7k4ipYD2zcx7iwzb2vK28JwHEldhlbj8jgXwyeNB6AHjfZI4jes8FHko8qSL7Cfi1-10_w4aLG2vtfOxIAdGZh3YJIs1BU8a0VuTSnVK164LkKIPNgIQ7T45Bd4U5VB8vhsjOJM:1pZT2f:eAhPH4fa0r5P920TqOiH_3BiEUFJ7ikI8GxcfTeWZtk', '2023-03-21 16:51:29.502436');
INSERT INTO `django_session` VALUES ('4tiqiai4xb5bx1m4o9ps7sws8fhyog78', '.eJxVjMsOwiAQRf-FtSHlIQMu3fcbyAwDUjU0Ke3K-O_apAvd3nPOfYmI21rj1vMSJxYXcVbi9DsSpkduO-E7ttss09zWZSK5K_KgXY4z5-f1cP8OKvb6rdGmAoGIh6KcHUrRzll0KhcDwYcA1np2yOwhA2kGk5ImtsYrZ1Qm8f4AF044TQ:1q9bET:hPl5_a9U3YBd8u8flBRdZuFj0eWWqFGRmC_4i0Odmfg', '2023-06-29 08:53:01.633459');
INSERT INTO `django_session` VALUES ('4xmmy3ie52cxbswbiggqhf7ibolgnywm', '.eJxVjDsOwjAQBe_iGln-26Gkzxms9e4aB1Ai5VMh7k4ipYD2zcx7iwzb2vK28JwHEldhlbj8jgXwyeNB6AHjfZI4jes8FHko8qSL7Cfi1-10_w4aLG2vtfOxIAdGZh3YJIs1BU8a0VuTSnVK164LkKIPNgIQ7T45Bd4U5VB8vhsjOJM:1q91UD:o4vNsvQAfsXQX_XTn_pmg0ScdqH0WgeNUEQ8V4JJF_M', '2023-06-27 18:42:53.869460');
INSERT INTO `django_session` VALUES ('4yzm8njta7iz8vy7yjigf1rylhcdhn8h', '.eJxVjDsOwjAQBe_iGln-26Gkzxms9e4aB1Ai5VMh7k4ipYD2zcx7iwzb2vK28JwHEldhlbj8jgXwyeNB6AHjfZI4jes8FHko8qSL7Cfi1-10_w4aLG2vtfOxIAdGZh3YJIs1BU8a0VuTSnVK164LkKIPNgIQ7T45Bd4U5VB8vhsjOJM:1qH1uX:FbGHyhFQ6pfYt850bvYV-2JZHoGSgpvxbYRTcHCRZFw', '2023-07-19 20:47:09.955925');
INSERT INTO `django_session` VALUES ('55lqdragazgzrl2h9y3uz8z9fnddw6du', '.eJxVjDsOwjAQBe_iGln-26Gkzxms9e4aB1Ai5VMh7k4ipYD2zcx7iwzb2vK28JwHEldhlbj8jgXwyeNB6AHjfZI4jes8FHko8qSL7Cfi1-10_w4aLG2vtfOxIAdGZh3YJIs1BU8a0VuTSnVK164LkKIPNgIQ7T45Bd4U5VB8vhsjOJM:1pczbN:wd3aESGrjZdge5H--JCcZlSac1UWSUchhqxZMOLjJhk', '2023-03-31 10:13:53.657838');
INSERT INTO `django_session` VALUES ('5b9djq0w0c4zslr5obs9vdkebqhr41l0', '.eJxVjDsOwjAQBe_iGln-26Gkzxms9e4aB1Ai5VMh7k4ipYD2zcx7iwzb2vK28JwHEldhlbj8jgXwyeNB6AHjfZI4jes8FHko8qSL7Cfi1-10_w4aLG2vtfOxIAdGZh3YJIs1BU8a0VuTSnVK164LkKIPNgIQ7T45Bd4U5VB8vhsjOJM:1pmtp6:SfKPzAkPcA30oRo2_vFEV_CkTsq7KCgloW46iQRKhEo', '2023-04-27 18:05:00.009631');
INSERT INTO `django_session` VALUES ('5be5ynn7o36ldd1omendp6jtjnua58zm', '.eJxVjDsOwjAQBe_iGln-26Gkzxms9e4aB1Ai5VMh7k4ipYD2zcx7iwzb2vK28JwHEldhlbj8jgXwyeNB6AHjfZI4jes8FHko8qSL7Cfi1-10_w4aLG2vtfOxIAdGZh3YJIs1BU8a0VuTSnVK164LkKIPNgIQ7T45Bd4U5VB8vhsjOJM:1pmRAq:V8qZXgIFOmM0VPufN1-9yUkcUAE1-oUrIpX5hbNiW3I', '2023-04-26 11:29:32.543039');
INSERT INTO `django_session` VALUES ('5il1zlhqyj4zyfd7lv7181zcmbo31wf2', '.eJxVjDsOwjAQBe_iGln-26Gkzxms9e4aB1Ai5VMh7k4ipYD2zcx7iwzb2vK28JwHEldhlbj8jgXwyeNB6AHjfZI4jes8FHko8qSL7Cfi1-10_w4aLG2vtfOxIAdGZh3YJIs1BU8a0VuTSnVK164LkKIPNgIQ7T45Bd4U5VB8vhsjOJM:1prFSW:EBfA10lIOhs1eH_0uI31ipXYIzTT7hXw9uFsOo-LsUg', '2023-05-09 17:59:40.845992');
INSERT INTO `django_session` VALUES ('5j222yzxop8lly0ao2f0yc31yrv07aeu', '.eJxVjDsOwjAQBe_iGln-26Gkzxms9e4aB1Ai5VMh7k4ipYD2zcx7iwzb2vK28JwHEldhlbj8jgXwyeNB6AHjfZI4jes8FHko8qSL7Cfi1-10_w4aLG2vtfOxIAdGZh3YJIs1BU8a0VuTSnVK164LkKIPNgIQ7T45Bd4U5VB8vhsjOJM:1paPng:_q48Y1DQsKpbFZxViM0vUlZvk9tuR24_Zp_Apym5EWE', '2023-03-24 07:35:56.820783');
INSERT INTO `django_session` VALUES ('5zb3i4wqqzx4p7dt203t1cepvddx3luw', '.eJxVjDsOwjAQBe_iGln-26Gkzxms9e4aB1Ai5VMh7k4ipYD2zcx7iwzb2vK28JwHEldhlbj8jgXwyeNB6AHjfZI4jes8FHko8qSL7Cfi1-10_w4aLG2vtfOxIAdGZh3YJIs1BU8a0VuTSnVK164LkKIPNgIQ7T45Bd4U5VB8vhsjOJM:1pe8kU:X3FendDrNzWxXZoy4PJo4sOIHK4hvLqQWtX4CZv8Pjw', '2023-04-03 14:12:02.304457');
INSERT INTO `django_session` VALUES ('5zid9wwt1apvz9yrl6g4p94da25uavbb', '.eJxVjDsOwjAQBe_iGln-26Gkzxms9e4aB1Ai5VMh7k4ipYD2zcx7iwzb2vK28JwHEldhlbj8jgXwyeNB6AHjfZI4jes8FHko8qSL7Cfi1-10_w4aLG2vtfOxIAdGZh3YJIs1BU8a0VuTSnVK164LkKIPNgIQ7T45Bd4U5VB8vhsjOJM:1qGx2u:ndKbiQp8GaL0zRq__TJu7A3suPitYqlqXpUW7nrDGeY', '2023-07-19 15:35:28.730453');
INSERT INTO `django_session` VALUES ('62s4q2zxedhg9r0xgy5h1ad90jim5fcx', '.eJxVjDsOwjAQBe_iGln-26Gkzxms9e4aB1Ai5VMh7k4ipYD2zcx7iwzb2vK28JwHEldhlbj8jgXwyeNB6AHjfZI4jes8FHko8qSL7Cfi1-10_w4aLG2vtfOxIAdGZh3YJIs1BU8a0VuTSnVK164LkKIPNgIQ7T45Bd4U5VB8vhsjOJM:1pq5LN:XoCUXV_JtPRoNcry03yLn9E0UnfjqvvsVWPIiMyxu5w', '2023-05-06 12:59:29.028378');
INSERT INTO `django_session` VALUES ('64w2ki4ez1a8w5f6fybpgw6vagmd2y4n', '.eJxVjDsOwjAQBe_iGln-26Gkzxms9e4aB1Ai5VMh7k4ipYD2zcx7iwzb2vK28JwHEldhlbj8jgXwyeNB6AHjfZI4jes8FHko8qSL7Cfi1-10_w4aLG2vtfOxIAdGZh3YJIs1BU8a0VuTSnVK164LkKIPNgIQ7T45Bd4U5VB8vhsjOJM:1pq3IJ:s4XyD5zJxRLzVTbEKJPPLQF7HwPeEYgW_QwZ5wsrBKU', '2023-05-06 10:48:11.699448');
INSERT INTO `django_session` VALUES ('6hfxn6hhmccubo05olb6leylxtzmjwfs', '.eJxVjDsOwjAQBe_iGln-26Gkzxms9e4aB1Ai5VMh7k4ipYD2zcx7iwzb2vK28JwHEldhlbj8jgXwyeNB6AHjfZI4jes8FHko8qSL7Cfi1-10_w4aLG2vtfOxIAdGZh3YJIs1BU8a0VuTSnVK164LkKIPNgIQ7T45Bd4U5VB8vhsjOJM:1ph0Qy:uNHL85yw8iEZQLBMe3q5clzfQLuXIR7fiZ974aBlqy0', '2023-04-11 11:55:44.788221');
INSERT INTO `django_session` VALUES ('6msbajk7jvno4nvrr57zfvmcwguu9e6d', '.eJxVjDsOwjAQBe_iGln-26Gkzxms9e4aB1Ai5VMh7k4ipYD2zcx7iwzb2vK28JwHEldhlbj8jgXwyeNB6AHjfZI4jes8FHko8qSL7Cfi1-10_w4aLG2vtfOxIAdGZh3YJIs1BU8a0VuTSnVK164LkKIPNgIQ7T45Bd4U5VB8vhsjOJM:1pvUWB:YYEUYRMeomuGEA47K87xmYAFlPvZiOCxtAJbdVi1P_8', '2023-05-21 10:52:59.722836');
INSERT INTO `django_session` VALUES ('6rn30pkbd3sb1iyh439ag1qooy1dynv6', '.eJxVjDsOwjAQBe_iGln-26Gkzxms9e4aB1Ai5VMh7k4ipYD2zcx7iwzb2vK28JwHEldhlbj8jgXwyeNB6AHjfZI4jes8FHko8qSL7Cfi1-10_w4aLG2vtfOxIAdGZh3YJIs1BU8a0VuTSnVK164LkKIPNgIQ7T45Bd4U5VB8vhsjOJM:1qFkuA:z2EjSZz8ptOzioOxegv87Nx11cvdEIJF0gUtr3BRqSo', '2023-07-16 08:25:30.772970');
INSERT INTO `django_session` VALUES ('6sgfp5a3o5kchhd8zlr9x7gpxwhakyx2', '.eJxVjDsOwjAQBe_iGln-26Gkzxms9e4aB1Ai5VMh7k4ipYD2zcx7iwzb2vK28JwHEldhlbj8jgXwyeNB6AHjfZI4jes8FHko8qSL7Cfi1-10_w4aLG2vtfOxIAdGZh3YJIs1BU8a0VuTSnVK164LkKIPNgIQ7T45Bd4U5VB8vhsjOJM:1pdrgp:45TnPfiWoRFmbU9IR63upuTelQ87cuNjrETyPse3kzk', '2023-04-02 19:59:07.074625');
INSERT INTO `django_session` VALUES ('6vffjn4ucu7w3x2cchy3d81dgfpl741p', '.eJxVjDsOwjAQBe_iGln-26Gkzxms9e4aB1Ai5VMh7k4ipYD2zcx7iwzb2vK28JwHEldhlbj8jgXwyeNB6AHjfZI4jes8FHko8qSL7Cfi1-10_w4aLG2vtfOxIAdGZh3YJIs1BU8a0VuTSnVK164LkKIPNgIQ7T45Bd4U5VB8vhsjOJM:1q6jjk:Y1-Dv1n5u32nf3i3QjnxHhvX0sJzGgi5W9M9sLeaElc', '2023-06-21 11:21:28.390578');
INSERT INTO `django_session` VALUES ('78vv9nn6mdv78voeappawa4sqr260m8v', '.eJxVjDsOwjAQBe_iGln-26Gkzxms9e4aB1Ai5VMh7k4ipYD2zcx7iwzb2vK28JwHEldhlbj8jgXwyeNB6AHjfZI4jes8FHko8qSL7Cfi1-10_w4aLG2vtfOxIAdGZh3YJIs1BU8a0VuTSnVK164LkKIPNgIQ7T45Bd4U5VB8vhsjOJM:1pbOWX:bBbOXwF-L3_Hp46cTk4slvfa2KgGsnvDC4gqHC6kDFY', '2023-03-27 00:26:17.893070');
INSERT INTO `django_session` VALUES ('79rd0xzk9r9bio118vlw6jbvl0nav8w5', '.eJxVjDsOwjAQBe_iGln-26Gkzxms9e4aB1Ai5VMh7k4ipYD2zcx7iwzb2vK28JwHEldhlbj8jgXwyeNB6AHjfZI4jes8FHko8qSL7Cfi1-10_w4aLG2vtfOxIAdGZh3YJIs1BU8a0VuTSnVK164LkKIPNgIQ7T45Bd4U5VB8vhsjOJM:1peF99:JuJ6o2VznToGb9s-UFRczOEVZTeggjK6GHzKly34qm4', '2023-04-03 21:01:55.502090');
INSERT INTO `django_session` VALUES ('7dz0qf2ohrrapj12z0mu9e9w9z9nyyoi', '.eJxVjDsOwjAQBe_iGln-26Gkzxms9e4aB1Ai5VMh7k4ipYD2zcx7iwzb2vK28JwHEldhlbj8jgXwyeNB6AHjfZI4jes8FHko8qSL7Cfi1-10_w4aLG2vtfOxIAdGZh3YJIs1BU8a0VuTSnVK164LkKIPNgIQ7T45Bd4U5VB8vhsjOJM:1puT4I:scPOZZDpd3WL4SgJRdflHii1gfTJs8tyClK7WcrhA-o', '2023-05-18 15:07:58.385970');
INSERT INTO `django_session` VALUES ('7g648nv7u5cce2qd8gpckvbhrmwhc807', '.eJxVjDsOwjAQBe_iGln-26Gkzxms9e4aB1Ai5VMh7k4ipYD2zcx7iwzb2vK28JwHEldhlbj8jgXwyeNB6AHjfZI4jes8FHko8qSL7Cfi1-10_w4aLG2vtfOxIAdGZh3YJIs1BU8a0VuTSnVK164LkKIPNgIQ7T45Bd4U5VB8vhsjOJM:1pfcB9:vT0miu4cOz-lSbqYFdiy76oc3kmoihMbAEHn3fYpzac', '2023-04-07 15:49:39.734289');
INSERT INTO `django_session` VALUES ('7k59i2rk7ohvaqfc531gr6iwqxtn7z1z', '.eJxVjDsOwjAQBe_iGln-26Gkzxms9e4aB1Ai5VMh7k4ipYD2zcx7iwzb2vK28JwHEldhlbj8jgXwyeNB6AHjfZI4jes8FHko8qSL7Cfi1-10_w4aLG2vtfOxIAdGZh3YJIs1BU8a0VuTSnVK164LkKIPNgIQ7T45Bd4U5VB8vhsjOJM:1pdPc1:ECnTE5wFXoAu8KKILDkpykwExkckG4n10quFdyGUix8', '2023-04-01 14:00:17.653026');
INSERT INTO `django_session` VALUES ('7kwhjg6g07fpq5gl4poh6jw07hon0109', '.eJxVjDsOwjAQBe_iGln-26Gkzxms9e4aB1Ai5VMh7k4ipYD2zcx7iwzb2vK28JwHEldhlbj8jgXwyeNB6AHjfZI4jes8FHko8qSL7Cfi1-10_w4aLG2vtfOxIAdGZh3YJIs1BU8a0VuTSnVK164LkKIPNgIQ7T45Bd4U5VB8vhsjOJM:1pvgZI:MWWJ5IeBy9-iIqXFRV12d3AP5LNX6ztML-wVSJWAT4s', '2023-05-21 23:45:00.116782');
INSERT INTO `django_session` VALUES ('7ms5i66cjhdsxs3qxv0dtmlomcvwduuf', '.eJxVjDsOwjAQBe_iGln-26Gkzxms9e4aB1Ai5VMh7k4ipYD2zcx7iwzb2vK28JwHEldhlbj8jgXwyeNB6AHjfZI4jes8FHko8qSL7Cfi1-10_w4aLG2vtfOxIAdGZh3YJIs1BU8a0VuTSnVK164LkKIPNgIQ7T45Bd4U5VB8vhsjOJM:1pnEBo:SM_b92Iq2qR4FO_9rb1X-h8yHbhJCtnjxKyT_QwGU44', '2023-04-28 15:49:48.632218');
INSERT INTO `django_session` VALUES ('7o8u205trzafecrpwzfnapiknm6nwkwe', '.eJxVjMsOgjAUBf-la9MUaGmvS_d8Q3NfWtRAQmFl_HclYaHbMzPnZTJua8lb1SWPYs6mC-b0OxLyQ6edyB2n22x5ntZlJLsr9qDVDrPo83K4fwcFa_nWSYBIyDsnPgZtOo6iDllcEgZqEkFSUN8B9YB9CODZpWtE11PLLZj3ByfbOHg:1pq3zQ:Hn-n_NV6rwggb97SMokwmw0tESCbH4MVY3MYiT11aDM', '2023-05-06 11:32:44.025265');
INSERT INTO `django_session` VALUES ('7oqixpxik9ok7rp02zhndit2mzzd3sa2', '.eJxVjDsOwjAQBe_iGln-26Gkzxms9e4aB1Ai5VMh7k4ipYD2zcx7iwzb2vK28JwHEldhlbj8jgXwyeNB6AHjfZI4jes8FHko8qSL7Cfi1-10_w4aLG2vtfOxIAdGZh3YJIs1BU8a0VuTSnVK164LkKIPNgIQ7T45Bd4U5VB8vhsjOJM:1qEQDU:K2IFTY7SmWAumgacaBHifQz_Nb35az5NCgJ546Spr30', '2023-07-12 16:07:56.723929');
INSERT INTO `django_session` VALUES ('7q68bbhx1pgqcsqxf96tuq6dei7hevmv', '.eJxVjDsOwjAQBe_iGln-26Gkzxms9e4aB1Ai5VMh7k4ipYD2zcx7iwzb2vK28JwHEldhlbj8jgXwyeNB6AHjfZI4jes8FHko8qSL7Cfi1-10_w4aLG2vtfOxIAdGZh3YJIs1BU8a0VuTSnVK164LkKIPNgIQ7T45Bd4U5VB8vhsjOJM:1paqNV:Veme64TyMvwavazu6RPPDr_EU-8nX7l07DuynQe8XVk', '2023-03-25 11:58:41.716241');
INSERT INTO `django_session` VALUES ('7zxymro7re4ich35uluoh0o9bmxufnbo', '.eJxVjDsOwjAQBe_iGln-26Gkzxms9e4aB1Ai5VMh7k4ipYD2zcx7iwzb2vK28JwHEldhlbj8jgXwyeNB6AHjfZI4jes8FHko8qSL7Cfi1-10_w4aLG2vtfOxIAdGZh3YJIs1BU8a0VuTSnVK164LkKIPNgIQ7T45Bd4U5VB8vhsjOJM:1q8w8k:AAFZj_FFmvVYZHG3bRawzNfHhyCIj8ExA1Ny_Uay7bM', '2023-06-27 13:00:22.930451');
INSERT INTO `django_session` VALUES ('813o7aeim0w0x9xt1rcjziol10sg27i3', '.eJxVjDsOwjAQBe_iGln-26Gkzxms9e4aB1Ai5VMh7k4ipYD2zcx7iwzb2vK28JwHEldhlbj8jgXwyeNB6AHjfZI4jes8FHko8qSL7Cfi1-10_w4aLG2vtfOxIAdGZh3YJIs1BU8a0VuTSnVK164LkKIPNgIQ7T45Bd4U5VB8vhsjOJM:1peyjG:J0RDk04G4UiQHuFTQTk-nLDwo4ic49VLtjGwWQv_DmY', '2023-04-05 21:42:14.654672');
INSERT INTO `django_session` VALUES ('820ue85n1b402gcmf1ya55jk3ovsqymk', '.eJxVjDsOwjAQBe_iGln-26Gkzxms9e4aB1Ai5VMh7k4ipYD2zcx7iwzb2vK28JwHEldhlbj8jgXwyeNB6AHjfZI4jes8FHko8qSL7Cfi1-10_w4aLG2vtfOxIAdGZh3YJIs1BU8a0VuTSnVK164LkKIPNgIQ7T45Bd4U5VB8vhsjOJM:1pnv88:yF6LqOWhMElbuQ6eQz4Flm6ur7eOxt4F3O9eR3l_BDk', '2023-04-30 13:40:52.560418');
INSERT INTO `django_session` VALUES ('821oulxskfm7x2alcv6vcv6yayhznlwk', '.eJxVjDsOwjAQBe_iGln-26Gkzxms9e4aB1Ai5VMh7k4ipYD2zcx7iwzb2vK28JwHEldhlbj8jgXwyeNB6AHjfZI4jes8FHko8qSL7Cfi1-10_w4aLG2vtfOxIAdGZh3YJIs1BU8a0VuTSnVK164LkKIPNgIQ7T45Bd4U5VB8vhsjOJM:1qFUR9:Wbm6PveKk4VOny9EXP4dLPoNzl9KMyQwW2bSCPOwV3E', '2023-07-15 14:50:27.846914');
INSERT INTO `django_session` VALUES ('85j631rzjqb19n0ohozmoau0agg042d3', '.eJxVjDsOwjAQBe_iGln-26Gkzxms9e4aB1Ai5VMh7k4ipYD2zcx7iwzb2vK28JwHEldhlbj8jgXwyeNB6AHjfZI4jes8FHko8qSL7Cfi1-10_w4aLG2vtfOxIAdGZh3YJIs1BU8a0VuTSnVK164LkKIPNgIQ7T45Bd4U5VB8vhsjOJM:1q7eLT:JWzaPw2MgCmeLG2dCIB7Z1pEo5Qo8qymN5XAFtrgieg', '2023-06-23 23:48:11.141150');
INSERT INTO `django_session` VALUES ('86tueazixdubatfg4lra2nta7drm327o', '.eJxVjDsOwjAQBe_iGln-26Gkzxms9e4aB1Ai5VMh7k4ipYD2zcx7iwzb2vK28JwHEldhlbj8jgXwyeNB6AHjfZI4jes8FHko8qSL7Cfi1-10_w4aLG2vtfOxIAdGZh3YJIs1BU8a0VuTSnVK164LkKIPNgIQ7T45Bd4U5VB8vhsjOJM:1q54ic:Kh3BD7cN8HdN4WXnf_biIAQn7KKucXdM-_WsUE4IhSg', '2023-06-16 21:21:26.552586');
INSERT INTO `django_session` VALUES ('8bk5eoduvt5a3mheijct8637215hqryh', '.eJxVjDsOwjAQBe_iGln-26Gkzxms9e4aB1Ai5VMh7k4ipYD2zcx7iwzb2vK28JwHEldhlbj8jgXwyeNB6AHjfZI4jes8FHko8qSL7Cfi1-10_w4aLG2vtfOxIAdGZh3YJIs1BU8a0VuTSnVK164LkKIPNgIQ7T45Bd4U5VB8vhsjOJM:1q8aqD:JQ1ErLPwD7D9cQC2VRwp4CLHeke5vU9enZEvXuox2IY', '2023-06-26 14:15:49.017025');
INSERT INTO `django_session` VALUES ('8fto9v0ikkfg514pydz3foy32kxyh259', '.eJxVjDsOwjAQBe_iGln-26Gkzxms9e4aB1Ai5VMh7k4ipYD2zcx7iwzb2vK28JwHEldhlbj8jgXwyeNB6AHjfZI4jes8FHko8qSL7Cfi1-10_w4aLG2vtfOxIAdGZh3YJIs1BU8a0VuTSnVK164LkKIPNgIQ7T45Bd4U5VB8vhsjOJM:1pcIuZ:ofIR4VrkJCk_6f4MOHDBxCt6KLU1AGa1EevU2EdfH8A', '2023-03-29 12:38:51.994839');
INSERT INTO `django_session` VALUES ('8fuen1ygwtsvgh6pid3obh02plvqm05h', '.eJxVjDsOwjAQBe_iGln-26Gkzxms9e4aB1Ai5VMh7k4ipYD2zcx7iwzb2vK28JwHEldhlbj8jgXwyeNB6AHjfZI4jes8FHko8qSL7Cfi1-10_w4aLG2vtfOxIAdGZh3YJIs1BU8a0VuTSnVK164LkKIPNgIQ7T45Bd4U5VB8vhsjOJM:1pt39i:rMvzHxnE-lJXFIo7sW0J8CplHlZlAlpBhUJ-GP5wL14', '2023-05-14 17:15:42.969647');
INSERT INTO `django_session` VALUES ('8ivnz80tvg4fgzxtmway727v2mhyvm8y', '.eJxVjDsOwjAQBe_iGln-26Gkzxms9e4aB1Ai5VMh7k4ipYD2zcx7iwzb2vK28JwHEldhlbj8jgXwyeNB6AHjfZI4jes8FHko8qSL7Cfi1-10_w4aLG2vtfOxIAdGZh3YJIs1BU8a0VuTSnVK164LkKIPNgIQ7T45Bd4U5VB8vhsjOJM:1pbc30:pgDWGqSeEeASPWSpDNraMkYuBTCLPuXqUTvWKV7Kflk', '2023-03-27 14:52:42.515437');
INSERT INTO `django_session` VALUES ('8p2f2yi5lku3siyg9a6bc2b7ghevty73', '.eJxVjDsOwjAQBe_iGln-26Gkzxms9e4aB1Ai5VMh7k4ipYD2zcx7iwzb2vK28JwHEldhlbj8jgXwyeNB6AHjfZI4jes8FHko8qSL7Cfi1-10_w4aLG2vtfOxIAdGZh3YJIs1BU8a0VuTSnVK164LkKIPNgIQ7T45Bd4U5VB8vhsjOJM:1pvpyR:sc4B9-rgrzfdUhUPjzfxUFy3ErJt64xMD-5Q8vDsPuE', '2023-05-22 09:47:35.155398');
INSERT INTO `django_session` VALUES ('8sa20agj1pgk9hf5rdfrpoec1283edaz', '.eJxVjDsOwjAQBe_iGln-26Gkzxms9e4aB1Ai5VMh7k4ipYD2zcx7iwzb2vK28JwHEldhlbj8jgXwyeNB6AHjfZI4jes8FHko8qSL7Cfi1-10_w4aLG2vtfOxIAdGZh3YJIs1BU8a0VuTSnVK164LkKIPNgIQ7T45Bd4U5VB8vhsjOJM:1q7Hsc:ZIHNf4T-tIe3lNlcQWjTqFLfi7t6XPod3ilm3A-LCD8', '2023-06-22 23:48:54.385708');
INSERT INTO `django_session` VALUES ('8tqjhq9gpo2pxmsw6nutels1s5n31jo6', '.eJxVjDsOwjAQBe_iGln-26Gkzxms9e4aB1Ai5VMh7k4ipYD2zcx7iwzb2vK28JwHEldhlbj8jgXwyeNB6AHjfZI4jes8FHko8qSL7Cfi1-10_w4aLG2vtfOxIAdGZh3YJIs1BU8a0VuTSnVK164LkKIPNgIQ7T45Bd4U5VB8vhsjOJM:1q7Sxh:D6Zlw-WiGRZjRSGYF9SiEedG8qPssXn6r2HMzs3JWXA', '2023-06-23 11:38:53.057150');
INSERT INTO `django_session` VALUES ('8z377ml348rmvz3jtws66rqsc830ae5u', '.eJxVjDsOwjAQBe_iGln-26Gkzxms9e4aB1Ai5VMh7k4ipYD2zcx7iwzb2vK28JwHEldhlbj8jgXwyeNB6AHjfZI4jes8FHko8qSL7Cfi1-10_w4aLG2vtfOxIAdGZh3YJIs1BU8a0VuTSnVK164LkKIPNgIQ7T45Bd4U5VB8vhsjOJM:1piY6K:W9yvGAOCCaai9iWbd2BrwwZSquwr7QFL2lvNulqozT8', '2023-04-15 18:04:48.441033');
INSERT INTO `django_session` VALUES ('90cdkr5n2yrelx4rqpzdjh0i7c7vtai7', '.eJxVjDsOwjAQBe_iGln-26Gkzxms9e4aB1Ai5VMh7k4ipYD2zcx7iwzb2vK28JwHEldhlbj8jgXwyeNB6AHjfZI4jes8FHko8qSL7Cfi1-10_w4aLG2vtfOxIAdGZh3YJIs1BU8a0VuTSnVK164LkKIPNgIQ7T45Bd4U5VB8vhsjOJM:1q4zjS:JQqavGsMQuaVJfYnAZJjI2YKG-CJkmNOHd-2w6UhU5E', '2023-06-16 16:01:58.649669');
INSERT INTO `django_session` VALUES ('90m0mo86v2ygm8ugwkcxcsh383c52sng', '.eJxVjDsOwjAQBe_iGln-26Gkzxms9e4aB1Ai5VMh7k4ipYD2zcx7iwzb2vK28JwHEldhlbj8jgXwyeNB6AHjfZI4jes8FHko8qSL7Cfi1-10_w4aLG2vtfOxIAdGZh3YJIs1BU8a0VuTSnVK164LkKIPNgIQ7T45Bd4U5VB8vhsjOJM:1qAXDl:NHK2_tv4tHVVZeGByQ0hgN0Qt9uvefNTcU1fV3szYQ0', '2023-07-01 22:48:09.802034');
INSERT INTO `django_session` VALUES ('941l9psuwswr3h7wvpb7nqpmb8vppv4c', '.eJxVjDsOwjAQBe_iGln-26Gkzxms9e4aB1Ai5VMh7k4ipYD2zcx7iwzb2vK28JwHEldhlbj8jgXwyeNB6AHjfZI4jes8FHko8qSL7Cfi1-10_w4aLG2vtfOxIAdGZh3YJIs1BU8a0VuTSnVK164LkKIPNgIQ7T45Bd4U5VB8vhsjOJM:1pm96E:a5ZMzUnpAjYJAGPjLoyiyj97ShWeINI_l46ddtcGg7c', '2023-04-25 16:11:34.743286');
INSERT INTO `django_session` VALUES ('96lefg42rwqdzokxyq6xqvqk9gni870o', '.eJxVjDsOwjAQBe_iGln-26Gkzxms9e4aB1Ai5VMh7k4ipYD2zcx7iwzb2vK28JwHEldhlbj8jgXwyeNB6AHjfZI4jes8FHko8qSL7Cfi1-10_w4aLG2vtfOxIAdGZh3YJIs1BU8a0VuTSnVK164LkKIPNgIQ7T45Bd4U5VB8vhsjOJM:1pxPXb:DazSEctKW07rGNRjWQM0mEv02Gxg1i2ncIORvrptFTc', '2023-05-26 17:58:23.925682');
INSERT INTO `django_session` VALUES ('9ammpk43755niskfi8e50paxb0tk4sqh', '.eJxVjDsOwjAQBe_iGln-26Gkzxms9e4aB1Ai5VMh7k4ipYD2zcx7iwzb2vK28JwHEldhlbj8jgXwyeNB6AHjfZI4jes8FHko8qSL7Cfi1-10_w4aLG2vtfOxIAdGZh3YJIs1BU8a0VuTSnVK164LkKIPNgIQ7T45Bd4U5VB8vhsjOJM:1pyAij:Dr4oV37vuKBpYehq4rvD6CEPFUSQ-9Vvs4N02wOr_m0', '2023-05-28 20:21:01.109507');
INSERT INTO `django_session` VALUES ('9jfgsihh6wqy9vjwvj3xf0ha51bwutgz', '.eJxVjDsOwjAQBe_iGln-26Gkzxms9e4aB1Ai5VMh7k4ipYD2zcx7iwzb2vK28JwHEldhlbj8jgXwyeNB6AHjfZI4jes8FHko8qSL7Cfi1-10_w4aLG2vtfOxIAdGZh3YJIs1BU8a0VuTSnVK164LkKIPNgIQ7T45Bd4U5VB8vhsjOJM:1qEtLX:oSj1V3o3bUfs9Ut4RZWDRjRUfdajJdkYXXp_mZbo6s0', '2023-07-13 23:14:11.725385');
INSERT INTO `django_session` VALUES ('9ktc0xbsqhtzawyheumz1f02syqe3fsp', '.eJxVjDsOwjAQBe_iGln-26Gkzxms9e4aB1Ai5VMh7k4ipYD2zcx7iwzb2vK28JwHEldhlbj8jgXwyeNB6AHjfZI4jes8FHko8qSL7Cfi1-10_w4aLG2vtfOxIAdGZh3YJIs1BU8a0VuTSnVK164LkKIPNgIQ7T45Bd4U5VB8vhsjOJM:1qHLOl:whRsS0VNz6-KLpr67t7i2adfOFBA_q2wfK_LaP8WaxM', '2023-07-20 17:35:39.841054');
INSERT INTO `django_session` VALUES ('9s3eynkru2yxtnwgvgj75koxa85ua9mo', '.eJxVjDsOwjAQBe_iGln-26Gkzxms9e4aB1Ai5VMh7k4ipYD2zcx7iwzb2vK28JwHEldhlbj8jgXwyeNB6AHjfZI4jes8FHko8qSL7Cfi1-10_w4aLG2vtfOxIAdGZh3YJIs1BU8a0VuTSnVK164LkKIPNgIQ7T45Bd4U5VB8vhsjOJM:1paERc:oNe0IsjSa1CczPdfByvu1KSLQeXMtASG3jfv37aZGyw', '2023-03-23 19:28:24.836248');
INSERT INTO `django_session` VALUES ('9sekkyzecq1unmj7i5osfo2nj1yiqfl9', '.eJxVjDsOwjAQBe_iGln-26Gkzxms9e4aB1Ai5VMh7k4ipYD2zcx7iwzb2vK28JwHEldhlbj8jgXwyeNB6AHjfZI4jes8FHko8qSL7Cfi1-10_w4aLG2vtfOxIAdGZh3YJIs1BU8a0VuTSnVK164LkKIPNgIQ7T45Bd4U5VB8vhsjOJM:1q936B:RU8IMJ-ZOGBiX68J96jB4brD0nyju5IW_wCD8PLYA_Y', '2023-06-27 20:26:11.136654');
INSERT INTO `django_session` VALUES ('9t77937a4k9n534hlqtd01wv6uzaatg8', '.eJxVjDsOwjAQBe_iGln-26Gkzxms9e4aB1Ai5VMh7k4ipYD2zcx7iwzb2vK28JwHEldhlbj8jgXwyeNB6AHjfZI4jes8FHko8qSL7Cfi1-10_w4aLG2vtfOxIAdGZh3YJIs1BU8a0VuTSnVK164LkKIPNgIQ7T45Bd4U5VB8vhsjOJM:1puYC9:ZcFFiIxtuamFemM40qhWPXVPMj64Hu71jcHGmaSc9KE', '2023-05-18 20:36:25.831070');
INSERT INTO `django_session` VALUES ('9uw4865iazrv4j9y9cioqmcak80zchel', '.eJxVjDsOwjAQBe_iGln-26Gkzxms9e4aB1Ai5VMh7k4ipYD2zcx7iwzb2vK28JwHEldhlbj8jgXwyeNB6AHjfZI4jes8FHko8qSL7Cfi1-10_w4aLG2vtfOxIAdGZh3YJIs1BU8a0VuTSnVK164LkKIPNgIQ7T45Bd4U5VB8vhsjOJM:1ppge2:mUiHp0f6iolYtMM09yLjwrxnu402OEPB5prb2KLnmVQ', '2023-05-05 10:37:06.082937');
INSERT INTO `django_session` VALUES ('9z8g0vqs5n1oyv9i1ge9kmvdi4hlzvft', '.eJxVjDsOwjAQBe_iGln-26Gkzxms9e4aB1Ai5VMh7k4ipYD2zcx7iwzb2vK28JwHEldhlbj8jgXwyeNB6AHjfZI4jes8FHko8qSL7Cfi1-10_w4aLG2vtfOxIAdGZh3YJIs1BU8a0VuTSnVK164LkKIPNgIQ7T45Bd4U5VB8vhsjOJM:1pngNs:o4xAqt2GU2pVGPNT1VHEOb6mAL9URsk4z1mJfgvcv8k', '2023-04-29 21:56:08.857561');
INSERT INTO `django_session` VALUES ('a22cljvqyr9nyzuznuzfbxnwdd4bgsc9', '.eJxVjDsOwjAQBe_iGln-26Gkzxms9e4aB1Ai5VMh7k4ipYD2zcx7iwzb2vK28JwHEldhlbj8jgXwyeNB6AHjfZI4jes8FHko8qSL7Cfi1-10_w4aLG2vtfOxIAdGZh3YJIs1BU8a0VuTSnVK164LkKIPNgIQ7T45Bd4U5VB8vhsjOJM:1qFGRg:xKDvXc9DwCie5y2i5ZX-sJKQLupQ_wWYyr2ZcGX-L7M', '2023-07-14 23:54:04.417418');
INSERT INTO `django_session` VALUES ('a6bagdpds0w22ppch500qgx655hoypdd', '.eJxVjDsOwjAQBe_iGln-26Gkzxms9e4aB1Ai5VMh7k4ipYD2zcx7iwzb2vK28JwHEldhlbj8jgXwyeNB6AHjfZI4jes8FHko8qSL7Cfi1-10_w4aLG2vtfOxIAdGZh3YJIs1BU8a0VuTSnVK164LkKIPNgIQ7T45Bd4U5VB8vhsjOJM:1pcd1a:OXuM5YqTF7J5D9ZfvACCnEMFGySEt9ZPXzPx9zhZL48', '2023-03-30 10:07:26.937832');
INSERT INTO `django_session` VALUES ('a6ejuio5e4t01umeqdt434152ilmhr5z', '.eJxVjDsOwjAQBe_iGln-YceU9DmDtbte4wBypDipEHeHSCmgfTPzXiLBtta0dV7SlMVFaHH63RDowW0H-Q7tNkua27pMKHdFHrTLcc78vB7u30GFXr91ccURg7KRvAEXATCcNYLP3gSiwYaivTdFDcSorI-6YNBsXdZAkYJ4fwD6UDhc:1pA0FZ:5mkhJSPwe5yBGeN3H-KA3eogxFMidin4FLTm_lqPUq8', '2023-01-10 11:03:33.227947');
INSERT INTO `django_session` VALUES ('a8by8ims5ema3drctd61k6j7txnmq4on', '.eJxVjEEOwiAQRe_C2hAoUwZduvcMZIBBqgaS0q6Md7dNutDtf-_9t_C0LsWvnWc_JXERBsTpdwwUn1x3kh5U703GVpd5CnJX5EG7vLXEr-vh_h0U6mWrNVsOAOwiKn12FhwEGBlDCog2K9ZxoOwoKSDgIQIaMxJy3ELtMorPFwzeOEA:1pnXaT:PmAKkX1wy5A__HGZroIAkPOEL8q_z6cY9jOofpMvaGc', '2023-04-29 12:32:33.434445');
INSERT INTO `django_session` VALUES ('a9preywlmikr0y7netsfrx2bkamxm47g', '.eJxVjDsOwjAQBe_iGln-26Gkzxms9e4aB1Ai5VMh7k4ipYD2zcx7iwzb2vK28JwHEldhlbj8jgXwyeNB6AHjfZI4jes8FHko8qSL7Cfi1-10_w4aLG2vtfOxIAdGZh3YJIs1BU8a0VuTSnVK164LkKIPNgIQ7T45Bd4U5VB8vhsjOJM:1pqr56:i_rc0k5Jl44kHM6Jr5eIRZJzRUJbgJ1iyUmGUFgJwxE', '2023-05-08 15:57:52.319703');
INSERT INTO `django_session` VALUES ('ab1xwq0y3573ksg442g6ejl36c6fh2jg', '.eJxVjDsOwjAQBe_iGln-26Gkzxms9e4aB1Ai5VMh7k4ipYD2zcx7iwzb2vK28JwHEldhlbj8jgXwyeNB6AHjfZI4jes8FHko8qSL7Cfi1-10_w4aLG2vtfOxIAdGZh3YJIs1BU8a0VuTSnVK164LkKIPNgIQ7T45Bd4U5VB8vhsjOJM:1pjGLy:2Ntda2NlZDKumD_-5-gdDHhM3fCpxcKV1RJM1AtwvwE', '2023-04-17 17:19:54.206904');
INSERT INTO `django_session` VALUES ('asa3qc61lyyr1vpzqhvwtnt066bxerqj', '.eJxVjDsOwjAQBe_iGln-26Gkzxms9e4aB1Ai5VMh7k4ipYD2zcx7iwzb2vK28JwHEldhlbj8jgXwyeNB6AHjfZI4jes8FHko8qSL7Cfi1-10_w4aLG2vtfOxIAdGZh3YJIs1BU8a0VuTSnVK164LkKIPNgIQ7T45Bd4U5VB8vhsjOJM:1pcKFt:Xc0c9sfeApbnUWAefdqZe40LTVYKWYlfnhvH91cFn1Y', '2023-03-29 14:04:57.311128');
INSERT INTO `django_session` VALUES ('atwt3249wwteti2efz8kahucsr42yruj', '.eJxVjDsOwjAQBe_iGln-26Gkzxms9e4aB1Ai5VMh7k4ipYD2zcx7iwzb2vK28JwHEldhlbj8jgXwyeNB6AHjfZI4jes8FHko8qSL7Cfi1-10_w4aLG2vtfOxIAdGZh3YJIs1BU8a0VuTSnVK164LkKIPNgIQ7T45Bd4U5VB8vhsjOJM:1q5sO6:9G52Ash__aYQwyessBDzRpZrHkKLBggNJynTCA0EvGQ', '2023-06-19 02:23:34.738919');
INSERT INTO `django_session` VALUES ('avd7vetx6tu6efginnezd20y4srmn8ft', '.eJxVjMEOwiAQRP-FsyHQlcJ69O43kF0WpGrapLQn47_bJj3ocea9mbeKtC41ri3PcRB1UWenTr8lU3rmcSfyoPE-6TSNyzyw3hV90KZvk-TX9XD_Diq1uq0BCrsuBPBBjLPgGY3puAAXJEHIAn0iRDQFi7GOPaDnZEn64LegPl_16ze-:1q4jv6:SZ6SES3TfncJQX8F57UY8RSG4P8KxbE3WiuUSifAxSs', '2023-06-15 23:08:56.951036');
INSERT INTO `django_session` VALUES ('ayw9ck2ffpemy00d0o9anvpps7dz7fd2', '.eJxVjDsOwjAQBe_iGln-26Gkzxms9e4aB1Ai5VMh7k4ipYD2zcx7iwzb2vK28JwHEldhlbj8jgXwyeNB6AHjfZI4jes8FHko8qSL7Cfi1-10_w4aLG2vtfOxIAdGZh3YJIs1BU8a0VuTSnVK164LkKIPNgIQ7T45Bd4U5VB8vhsjOJM:1q6oz4:WkJsozuH05J8xG_B65Yj6dM2ghEmXNdcAQoA0DPS2Mw', '2023-06-21 16:57:38.761247');
INSERT INTO `django_session` VALUES ('az30yumzzojk8h7z9i4iw9pil1b802ek', '.eJxVjDsOwjAQBe_iGln-26Gkzxms9e4aB1Ai5VMh7k4ipYD2zcx7iwzb2vK28JwHEldhlbj8jgXwyeNB6AHjfZI4jes8FHko8qSL7Cfi1-10_w4aLG2vtfOxIAdGZh3YJIs1BU8a0VuTSnVK164LkKIPNgIQ7T45Bd4U5VB8vhsjOJM:1pctMe:3won0ELhiUQsTL6Kq3QHZA4jRVe0dsGbICXHfQIsweQ', '2023-03-31 03:34:16.317087');
INSERT INTO `django_session` VALUES ('b3yse6x1eeeqdzd1sfvyug6extd6gh49', '.eJxVjEEOwiAQRe_C2pChpVBcuvcMZJiZStVAUtqV8e7apAvd_vfef6mI25rj1mSJM6uzMk6dfseE9JCyE75juVVNtazLnPSu6IM2fa0sz8vh_h1kbPlbp6lPwVMSZ8QCGXYQgIGHYQThYAk6D9yzH5l6tCEZgyyWJugIwBn1_gAaEDhG:1pHLK3:lfi2z0KggUCfLaOmIEMxUv-2kbHhqr-Il5FyHY8jpPE', '2023-01-30 16:58:31.605349');
INSERT INTO `django_session` VALUES ('b5s89d62iwv2p91ockqv24x2hdquqtw8', '.eJxVjDsOwjAQBe_iGln-26Gkzxms9e4aB1Ai5VMh7k4ipYD2zcx7iwzb2vK28JwHEldhlbj8jgXwyeNB6AHjfZI4jes8FHko8qSL7Cfi1-10_w4aLG2vtfOxIAdGZh3YJIs1BU8a0VuTSnVK164LkKIPNgIQ7T45Bd4U5VB8vhsjOJM:1pwc3R:N08o46-bkl38_tYCa5nBxKy6Zu0GRwZdiodhXEbWYp4', '2023-05-24 13:07:57.770376');
INSERT INTO `django_session` VALUES ('b7mdtnkku53l575b13etno77c26ax3el', '.eJxVjDsOwjAQBe_iGln-YceU9DmDtbte4wBypDipEHeHSCmgfTPzXiLBtta0dV7SlMVFaHH63RDowW0H-Q7tNkua27pMKHdFHrTLcc78vB7u30GFXr91ccURg7KRvAEXATCcNYLP3gSiwYaivTdFDcSorI-6YNBsXdZAkYJ4fwD6UDhc:1pA0Lh:YjkwBEpIFaILs4PFbfX93VxBSDg0-Sn3aNiwsBOv7V0', '2023-01-10 11:09:53.587183');
INSERT INTO `django_session` VALUES ('bcr9udy4jsofh8d9nem7glmn4f2z0tvv', '.eJxVjDsOwjAQBe_iGln-26Gkzxms9e4aB1Ai5VMh7k4ipYD2zcx7iwzb2vK28JwHEldhlbj8jgXwyeNB6AHjfZI4jes8FHko8qSL7Cfi1-10_w4aLG2vtfOxIAdGZh3YJIs1BU8a0VuTSnVK164LkKIPNgIQ7T45Bd4U5VB8vhsjOJM:1qE1bW:RgrpTeOo-O3HHyx5Lb6E3KsMKSU_JN9E5zWjHuNCxyI', '2023-07-11 13:51:06.567008');
INSERT INTO `django_session` VALUES ('bdn5zfjvrj0azozjxo427l502bb6bkga', '.eJxVjDsOwjAQBe_iGln-26Gkzxms9e4aB1Ai5VMh7k4ipYD2zcx7iwzb2vK28JwHEldhlbj8jgXwyeNB6AHjfZI4jes8FHko8qSL7Cfi1-10_w4aLG2vtfOxIAdGZh3YJIs1BU8a0VuTSnVK164LkKIPNgIQ7T45Bd4U5VB8vhsjOJM:1qB9ph:d6cKqkROAptAaUbWsl7C1TLOQcdqy7jXDxKrwvRfh_c', '2023-07-03 16:01:53.661085');
INSERT INTO `django_session` VALUES ('bejjqg8ikabdyoewrl4zqx6winc9ghrg', '.eJxVjDsOwjAQBe_iGln-26Gkzxms9e4aB1Ai5VMh7k4ipYD2zcx7iwzb2vK28JwHEldhlbj8jgXwyeNB6AHjfZI4jes8FHko8qSL7Cfi1-10_w4aLG2vtfOxIAdGZh3YJIs1BU8a0VuTSnVK164LkKIPNgIQ7T45Bd4U5VB8vhsjOJM:1q4yt6:DGWIbquhrnvaggh6LO-Ja1ByLFThv2vfsYcq17ILBIQ', '2023-06-16 15:07:52.768125');
INSERT INTO `django_session` VALUES ('bgcnsuh28xbkywxac03s634fmhpf9fyr', '.eJxVjDsOwjAQBe_iGln-26Gkzxms9e4aB1Ai5VMh7k4ipYD2zcx7iwzb2vK28JwHEldhlbj8jgXwyeNB6AHjfZI4jes8FHko8qSL7Cfi1-10_w4aLG2vtfOxIAdGZh3YJIs1BU8a0VuTSnVK164LkKIPNgIQ7T45Bd4U5VB8vhsjOJM:1plMUL:6zrApQzNujgAyPX6vaRFp2g8Zj3GBOUcydoCEfiL3jM', '2023-04-23 12:17:13.851747');
INSERT INTO `django_session` VALUES ('bgxpe7fvvbe3ljnq8rwhjiejzxeh9o6i', '.eJxVjDsOwjAQBe_iGln-26Gkzxms9e4aB1Ai5VMh7k4ipYD2zcx7iwzb2vK28JwHEldhlbj8jgXwyeNB6AHjfZI4jes8FHko8qSL7Cfi1-10_w4aLG2vtfOxIAdGZh3YJIs1BU8a0VuTSnVK164LkKIPNgIQ7T45Bd4U5VB8vhsjOJM:1pi5AH:gJgyqq8iacMa8YV8DaArrvYXmIb7oCR1KmyOyUi4Pgs', '2023-04-14 11:10:57.334682');
INSERT INTO `django_session` VALUES ('bp1f3e5u2m72pj3rbgt8eq9vokotqn9t', '.eJxVjDsOwjAQBe_iGln-26Gkzxms9e4aB1Ai5VMh7k4ipYD2zcx7iwzb2vK28JwHEldhlbj8jgXwyeNB6AHjfZI4jes8FHko8qSL7Cfi1-10_w4aLG2vtfOxIAdGZh3YJIs1BU8a0VuTSnVK164LkKIPNgIQ7T45Bd4U5VB8vhsjOJM:1psIR7:3NsGrYU4Q-frssHEAciA6evOJOV6Oo3OWO7ZRMl_DEY', '2023-05-12 15:22:33.867436');
INSERT INTO `django_session` VALUES ('bppb7c1mb3zku6e0fvho2y3qst1nkj9k', '.eJxVjDsOwjAQBe_iGln-26Gkzxms9e4aB1Ai5VMh7k4ipYD2zcx7iwzb2vK28JwHEldhlbj8jgXwyeNB6AHjfZI4jes8FHko8qSL7Cfi1-10_w4aLG2vtfOxIAdGZh3YJIs1BU8a0VuTSnVK164LkKIPNgIQ7T45Bd4U5VB8vhsjOJM:1pjaBx:XJ3mUezff8oU0gAU8WM824_XuGVYaiP1gbii9URbw1E', '2023-04-18 14:30:53.781520');
INSERT INTO `django_session` VALUES ('bqoteqegdfqxehejuj0f66zlw1hlp2a6', '.eJxVjDsOwjAQBe_iGln-26Gkzxms9e4aB1Ai5VMh7k4ipYD2zcx7iwzb2vK28JwHEldhlbj8jgXwyeNB6AHjfZI4jes8FHko8qSL7Cfi1-10_w4aLG2vtfOxIAdGZh3YJIs1BU8a0VuTSnVK164LkKIPNgIQ7T45Bd4U5VB8vhsjOJM:1pgm5Q:97436e80b8K55uwiZSI4pWzpYcZ6D0qemnEl1NfUwSg', '2023-04-10 20:36:32.747644');
INSERT INTO `django_session` VALUES ('br21ef3w157vuwugbhnxyaq4fympcn66', '.eJxVjDsOwjAQBe_iGln-26Gkzxms9e4aB1Ai5VMh7k4ipYD2zcx7iwzb2vK28JwHEldhlbj8jgXwyeNB6AHjfZI4jes8FHko8qSL7Cfi1-10_w4aLG2vtfOxIAdGZh3YJIs1BU8a0VuTSnVK164LkKIPNgIQ7T45Bd4U5VB8vhsjOJM:1pkKGu:PiFwQP3dzykKzxbNLPUpnt2-37w3QBBhvsc6VkSHwe8', '2023-04-20 15:43:04.350999');
INSERT INTO `django_session` VALUES ('brdp8ia2w35cq2vfwiwd7o8hnl2hsvq2', '.eJxVjDsOwjAQBe_iGln-26Gkzxms9e4aB1Ai5VMh7k4ipYD2zcx7iwzb2vK28JwHEldhlbj8jgXwyeNB6AHjfZI4jes8FHko8qSL7Cfi1-10_w4aLG2vtfOxIAdGZh3YJIs1BU8a0VuTSnVK164LkKIPNgIQ7T45Bd4U5VB8vhsjOJM:1q39nq:ZnQsCAFCbRBp3zBU7Sd3vu2vqkCmabbmkJtBvORHtnU', '2023-06-11 14:22:54.158278');
INSERT INTO `django_session` VALUES ('c4rfcmwg1f16ygyd9tvkncnn17subnpm', '.eJxVjEEOgjAQRe_StWnaoVOKS_ecoZlOO4IaSCisjHcXEha6_e_991aRtnWIWy1LHLO6KmzV5XdMxM8yHSQ_aLrPmudpXcakD0WftOp-zuV1O92_wEB12N9E7EkaSbmB4gwDgnXeIbYInAt1njpjbJeCFWtkDyM4kiCGkYOA-nwBHbw4gw:1tvHt1:qc0qOUSuh6EqcnBo-_BqpDVVn0HYN2e43YLaCZDWSRI', '2025-04-03 23:32:47.698221');
INSERT INTO `django_session` VALUES ('c9edkc76igon0kualkcqluynrigbk4s1', '.eJxVjDsOwjAQBe_iGln-26Gkzxms9e4aB1Ai5VMh7k4ipYD2zcx7iwzb2vK28JwHEldhlbj8jgXwyeNB6AHjfZI4jes8FHko8qSL7Cfi1-10_w4aLG2vtfOxIAdGZh3YJIs1BU8a0VuTSnVK164LkKIPNgIQ7T45Bd4U5VB8vhsjOJM:1qDfAJ:jJxkPT30EnxcZQYG_1x6ngq05vt29ZMQDteKK8YOHh4', '2023-07-10 13:53:31.288851');
INSERT INTO `django_session` VALUES ('cavw4ohot4w5om1jox0csd9i69oqy4sx', '.eJxVjDsOwjAQBe_iGln-26Gkzxms9e4aB1Ai5VMh7k4ipYD2zcx7iwzb2vK28JwHEldhlbj8jgXwyeNB6AHjfZI4jes8FHko8qSL7Cfi1-10_w4aLG2vtfOxIAdGZh3YJIs1BU8a0VuTSnVK164LkKIPNgIQ7T45Bd4U5VB8vhsjOJM:1pf25m:4JMmk9w2wNJEkK2InqG_w3P9KKEkRhsi1KERNKR488A', '2023-04-06 01:17:42.199098');
INSERT INTO `django_session` VALUES ('cgdrs092os08q6h2wizjgxk0h4k0pprl', '.eJxVjDsOwjAQBe_iGln-26Gkzxms9e4aB1Ai5VMh7k4ipYD2zcx7iwzb2vK28JwHEldhlbj8jgXwyeNB6AHjfZI4jes8FHko8qSL7Cfi1-10_w4aLG2vtfOxIAdGZh3YJIs1BU8a0VuTSnVK164LkKIPNgIQ7T45Bd4U5VB8vhsjOJM:1pwl6J:N-ZJG-ybxMcMBMBUvw1KBzREmF3OgF13u6nRDVuEgGE', '2023-05-24 22:47:31.672114');
INSERT INTO `django_session` VALUES ('ck5296ei2nujqeo1m9j8w7w2devbkyms', '.eJxVjDsOwjAQBe_iGln-26Gkzxms9e4aB1Ai5VMh7k4ipYD2zcx7iwzb2vK28JwHEldhlbj8jgXwyeNB6AHjfZI4jes8FHko8qSL7Cfi1-10_w4aLG2vtfOxIAdGZh3YJIs1BU8a0VuTSnVK164LkKIPNgIQ7T45Bd4U5VB8vhsjOJM:1ptpvf:HkCdxxAhUrnvIPP73nl7uk0cfQQ_zXQRCqb_-DNGs2Q', '2023-05-16 21:20:27.816275');
INSERT INTO `django_session` VALUES ('cqrx39dc0l1u94eoipvwbsi5176yyy1t', '.eJxVjDsOwjAQBe_iGln-26Gkzxms9e4aB1Ai5VMh7k4ipYD2zcx7iwzb2vK28JwHEldhlbj8jgXwyeNB6AHjfZI4jes8FHko8qSL7Cfi1-10_w4aLG2vtfOxIAdGZh3YJIs1BU8a0VuTSnVK164LkKIPNgIQ7T45Bd4U5VB8vhsjOJM:1pyS6e:-X5nJ3zoiY94o1d5kN1X2LCQzAdRhrP4OXWEsnWweSg', '2023-05-29 14:54:52.816345');
INSERT INTO `django_session` VALUES ('daa890iballdde10nziwq1d635rvcf7a', '.eJxVjDsOwjAQBe_iGln-26Gkzxms9e4aB1Ai5VMh7k4ipYD2zcx7iwzb2vK28JwHEldhlbj8jgXwyeNB6AHjfZI4jes8FHko8qSL7Cfi1-10_w4aLG2vtfOxIAdGZh3YJIs1BU8a0VuTSnVK164LkKIPNgIQ7T45Bd4U5VB8vhsjOJM:1pmSQC:VtTpLkfrRtW7ATYmydXEKx2YkwglsFL1bSEfB0nIWAY', '2023-04-26 12:49:28.230651');
INSERT INTO `django_session` VALUES ('daeozpbb9x80yrc8bw5c1m4usr7mlblf', '.eJxVjDsOwjAQBe_iGln-26Gkzxms9e4aB1Ai5VMh7k4ipYD2zcx7iwzb2vK28JwHEldhlbj8jgXwyeNB6AHjfZI4jes8FHko8qSL7Cfi1-10_w4aLG2vtfOxIAdGZh3YJIs1BU8a0VuTSnVK164LkKIPNgIQ7T45Bd4U5VB8vhsjOJM:1q9gqG:ffVtzK6BH5zmIAUdwHJUoRRiQwJqyoB8uHAQfAvkxHE', '2023-06-29 14:52:24.280433');
INSERT INTO `django_session` VALUES ('dcfjhzp8m1h97qv4o344l03z0tbwwgwz', '.eJxVjDsOwjAQBe_iGln-26Gkzxms9e4aB1Ai5VMh7k4ipYD2zcx7iwzb2vK28JwHEldhlbj8jgXwyeNB6AHjfZI4jes8FHko8qSL7Cfi1-10_w4aLG2vtfOxIAdGZh3YJIs1BU8a0VuTSnVK164LkKIPNgIQ7T45Bd4U5VB8vhsjOJM:1ppgNJ:mF707_VCvlNimkB_5DiAnBRuqkQ78yZ4iCvi6DreTxs', '2023-05-05 10:19:49.306792');
INSERT INTO `django_session` VALUES ('dlj1hfcqae091nqnvmghk06teyqi5uvm', '.eJxVjDsOwjAQBe_iGln-26Gkzxms9e4aB1Ai5VMh7k4ipYD2zcx7iwzb2vK28JwHEldhlbj8jgXwyeNB6AHjfZI4jes8FHko8qSL7Cfi1-10_w4aLG2vtfOxIAdGZh3YJIs1BU8a0VuTSnVK164LkKIPNgIQ7T45Bd4U5VB8vhsjOJM:1pzULF:A8Rbo55rNf6t9ignRwXDgia-XNdXsQPjnBO4Lqw1Cg8', '2023-06-01 11:30:13.220300');
INSERT INTO `django_session` VALUES ('dlonfn5dwqwfflk9emmu42ehuwlqf3oh', '.eJxVjDsOwjAQBe_iGln-26Gkzxms9e4aB1Ai5VMh7k4ipYD2zcx7iwzb2vK28JwHEldhlbj8jgXwyeNB6AHjfZI4jes8FHko8qSL7Cfi1-10_w4aLG2vtfOxIAdGZh3YJIs1BU8a0VuTSnVK164LkKIPNgIQ7T45Bd4U5VB8vhsjOJM:1pqs1s:5xaOAccQgoRW1E4PRT3QdSnBSCzfl8PdYCXOHw7ZoVs', '2023-05-08 16:58:36.662686');
INSERT INTO `django_session` VALUES ('do549lvvk8ssypntsfn7jk1ga1b2v6ii', '.eJxVjDsOwjAQBe_iGln-26Gkzxms9e4aB1Ai5VMh7k4ipYD2zcx7iwzb2vK28JwHEldhlbj8jgXwyeNB6AHjfZI4jes8FHko8qSL7Cfi1-10_w4aLG2vtfOxIAdGZh3YJIs1BU8a0VuTSnVK164LkKIPNgIQ7T45Bd4U5VB8vhsjOJM:1pbeUM:mjDu0ri1ilVgDxpHp05V7tX1p_yJ3g3Yy8ZQyFgnslw', '2023-03-27 17:29:06.711916');
INSERT INTO `django_session` VALUES ('dww85hd6o1v324ahetv5zdre27o5bcjs', '.eJxVjDsOwjAQBe_iGln-26Gkzxms9e4aB1Ai5VMh7k4ipYD2zcx7iwzb2vK28JwHEldhlbj8jgXwyeNB6AHjfZI4jes8FHko8qSL7Cfi1-10_w4aLG2vtfOxIAdGZh3YJIs1BU8a0VuTSnVK164LkKIPNgIQ7T45Bd4U5VB8vhsjOJM:1q5zHc:ugJ4ueDHwmkj9paH9Hsqkn62129KY4xZ66T-jhKDiRM', '2023-06-19 09:45:20.052894');
INSERT INTO `django_session` VALUES ('e0u4jmv3ezjcj9wjizzq2amem1tcocr4', '.eJxVjDsOwjAQBe_iGln-26Gkzxms9e4aB1Ai5VMh7k4ipYD2zcx7iwzb2vK28JwHEldhlbj8jgXwyeNB6AHjfZI4jes8FHko8qSL7Cfi1-10_w4aLG2vtfOxIAdGZh3YJIs1BU8a0VuTSnVK164LkKIPNgIQ7T45Bd4U5VB8vhsjOJM:1qB80f:r5DnUF5-IT8SiY8eAzbKCIMc_PhV6WVLZUKE4LFOlz0', '2023-07-03 14:05:05.590912');
INSERT INTO `django_session` VALUES ('e93nhz3wzmzibdkrusl1qqdqs8d1yv2n', '.eJxVjDsOwjAQBe_iGln-YceU9DmDtbte4wBypDipEHeHSCmgfTPzXiLBtta0dV7SlMVFaHH63RDowW0H-Q7tNkua27pMKHdFHrTLcc78vB7u30GFXr91ccURg7KRvAEXATCcNYLP3gSiwYaivTdFDcSorI-6YNBsXdZAkYJ4fwD6UDhc:1pCgnI:1qqdlJr40bmV-jUHScqDzx5SL9e_hoUDP-_6AYXXQoQ', '2023-01-17 20:53:28.779012');
INSERT INTO `django_session` VALUES ('eers377ed6qjdnezk76heotkz5a83y1a', '.eJxVjDsOwjAQBe_iGln-26Gkzxms9e4aB1Ai5VMh7k4ipYD2zcx7iwzb2vK28JwHEldhlbj8jgXwyeNB6AHjfZI4jes8FHko8qSL7Cfi1-10_w4aLG2vtfOxIAdGZh3YJIs1BU8a0VuTSnVK164LkKIPNgIQ7T45Bd4U5VB8vhsjOJM:1q1efE:conxzOK_pZf5jj_Flh4xNOHe4CtLOR7VRYlBY6fozoY', '2023-06-07 10:55:48.597791');
INSERT INTO `django_session` VALUES ('ehkm4k3l10r8267199ij64xzn6pao0yv', '.eJxVjDsOwjAQBe_iGln-26Gkzxms9e4aB1Ai5VMh7k4ipYD2zcx7iwzb2vK28JwHEldhlbj8jgXwyeNB6AHjfZI4jes8FHko8qSL7Cfi1-10_w4aLG2vtfOxIAdGZh3YJIs1BU8a0VuTSnVK164LkKIPNgIQ7T45Bd4U5VB8vhsjOJM:1qALoc:gVg3sgv4-JccOCQCxrjgEOeTYgQaSU6eYIU7t8WbrFY', '2023-07-01 10:37:26.653154');
INSERT INTO `django_session` VALUES ('ehrp3vg3z6j4iyenxuohfasj8d0gdm9x', '.eJxVjDsOwjAQBe_iGln-26Gkzxms9e4aB1Ai5VMh7k4ipYD2zcx7iwzb2vK28JwHEldhlbj8jgXwyeNB6AHjfZI4jes8FHko8qSL7Cfi1-10_w4aLG2vtfOxIAdGZh3YJIs1BU8a0VuTSnVK164LkKIPNgIQ7T45Bd4U5VB8vhsjOJM:1qDpop:nIce1HLi9U7Ew2d4C3mtIofU1YlnZ8cRcVpq68X5in0', '2023-07-11 01:16:03.705363');
INSERT INTO `django_session` VALUES ('ei0s9osnqujab5d63myc1562p8j2bibl', '.eJxVjDsOwjAQBe_iGln-26Gkzxms9e4aB1Ai5VMh7k4ipYD2zcx7iwzb2vK28JwHEldhlbj8jgXwyeNB6AHjfZI4jes8FHko8qSL7Cfi1-10_w4aLG2vtfOxIAdGZh3YJIs1BU8a0VuTSnVK164LkKIPNgIQ7T45Bd4U5VB8vhsjOJM:1q6Qp3:rWlmfwLy_LBGukdaPClRHFtPOj-VG6LaGHmcLBMoLY0', '2023-06-20 15:09:41.929866');
INSERT INTO `django_session` VALUES ('eimcuc392yogdbv1dv5bshgj223k5l6j', '.eJxVjDsOwjAQBe_iGln-26Gkzxms9e4aB1Ai5VMh7k4ipYD2zcx7iwzb2vK28JwHEldhlbj8jgXwyeNB6AHjfZI4jes8FHko8qSL7Cfi1-10_w4aLG2vtfOxIAdGZh3YJIs1BU8a0VuTSnVK164LkKIPNgIQ7T45Bd4U5VB8vhsjOJM:1plmtW:yCBlNoX0TV1Tp6Tsalmyx7X64GnsD56JkFRHXoBi2ds', '2023-04-24 16:28:58.245409');
INSERT INTO `django_session` VALUES ('ejiriqzai0gvfbb5y65cp254u4sbv0hd', '.eJxVjDsOwjAQBe_iGln-26Gkzxms9e4aB1Ai5VMh7k4ipYD2zcx7iwzb2vK28JwHEldhlbj8jgXwyeNB6AHjfZI4jes8FHko8qSL7Cfi1-10_w4aLG2vtfOxIAdGZh3YJIs1BU8a0VuTSnVK164LkKIPNgIQ7T45Bd4U5VB8vhsjOJM:1qHdvQ:0Fr498ZWyvb2KCxRy7kbtPQw1z1hNU3B7zG5zV3QERQ', '2023-07-21 13:22:36.445833');
INSERT INTO `django_session` VALUES ('excvwvzbwpzn41cbchi7f5zhbnkmv5bk', '.eJxVjDsOwjAQBe_iGln-26Gkzxms9e4aB1Ai5VMh7k4ipYD2zcx7iwzb2vK28JwHEldhlbj8jgXwyeNB6AHjfZI4jes8FHko8qSL7Cfi1-10_w4aLG2vtfOxIAdGZh3YJIs1BU8a0VuTSnVK164LkKIPNgIQ7T45Bd4U5VB8vhsjOJM:1plo1L:pCOtWqPcRpc3tvQmI_4Mf8s3js8cLddfHgd3T-xmxhw', '2023-04-24 17:41:07.833999');
INSERT INTO `django_session` VALUES ('f0wl0fzz9vdjfq6mca18kg54axxxuyth', '.eJxVjDsOwjAQBe_iGln-26Gkzxms9e4aB1Ai5VMh7k4ipYD2zcx7iwzb2vK28JwHEldhlbj8jgXwyeNB6AHjfZI4jes8FHko8qSL7Cfi1-10_w4aLG2vtfOxIAdGZh3YJIs1BU8a0VuTSnVK164LkKIPNgIQ7T45Bd4U5VB8vhsjOJM:1ph8vz:XcQSRp71IQoYhdxKItt2a43A9zaxLMx-8M-7-D0UXhI', '2023-04-11 21:00:19.944156');
INSERT INTO `django_session` VALUES ('f1jshpn5ccl6y1bfslobnupqyavbl5xu', '.eJxVjDsOwjAQBe_iGln-26Gkzxms9e4aB1Ai5VMh7k4ipYD2zcx7iwzb2vK28JwHEldhlbj8jgXwyeNB6AHjfZI4jes8FHko8qSL7Cfi1-10_w4aLG2vtfOxIAdGZh3YJIs1BU8a0VuTSnVK164LkKIPNgIQ7T45Bd4U5VB8vhsjOJM:1pknjb:qfvPFvdyggeVW0pGNDVxRAPAMGGSZ1psGjOm0udn5RY', '2023-04-21 23:10:39.586270');
INSERT INTO `django_session` VALUES ('f5wxj6m1mxgizdps4tyof153shvrwukx', '.eJxVjDsOwjAQBe_iGln-26Gkzxms9e4aB1Ai5VMh7k4ipYD2zcx7iwzb2vK28JwHEldhlbj8jgXwyeNB6AHjfZI4jes8FHko8qSL7Cfi1-10_w4aLG2vtfOxIAdGZh3YJIs1BU8a0VuTSnVK164LkKIPNgIQ7T45Bd4U5VB8vhsjOJM:1qBY9h:_imzajxcAFUGkToDhemyID5pPcX55xfOdZ_3ysUh8tA', '2023-07-04 18:00:09.172732');
INSERT INTO `django_session` VALUES ('f7toz4x1wx8tsglcsfn07uc6sgc8z6hd', '.eJxVjDsOwjAQBe_iGln-26Gkzxms9e4aB1Ai5VMh7k4ipYD2zcx7iwzb2vK28JwHEldhlbj8jgXwyeNB6AHjfZI4jes8FHko8qSL7Cfi1-10_w4aLG2vtfOxIAdGZh3YJIs1BU8a0VuTSnVK164LkKIPNgIQ7T45Bd4U5VB8vhsjOJM:1pbYbq:vXIB5s__XMKM65TTBDNwJLk2W9_N_W5aIagwhjJ1fOw', '2023-03-27 11:12:26.709426');
INSERT INTO `django_session` VALUES ('fhmdi1ws7e9qk6d0oqwce5z4s1sllt6f', '.eJxVjEEOwiAQRe_C2hCnwEBduu8ZyHQGpGpoUtqV8e7apAvd_vfef6lI21ri1tISJ1EXBUGdfseR-JHqTuRO9TZrnuu6TKPeFX3QpodZ0vN6uH8HhVr51pyxIxbuziMY9CaLR-_EYo_A1gSTg_eOHaFn64hQUtcDQg9GjEug3h8GGTeF:1pRsXx:jsmZUfZLuPw1VxQOIanurJ8soGHoMOLiPN7B-HNsrAM', '2023-02-28 18:28:25.154725');
INSERT INTO `django_session` VALUES ('fhupos93uljd2mm5zn12qw236tzbe7m3', '.eJxVjDsOwjAQBe_iGln-26Gkzxms9e4aB1Ai5VMh7k4ipYD2zcx7iwzb2vK28JwHEldhlbj8jgXwyeNB6AHjfZI4jes8FHko8qSL7Cfi1-10_w4aLG2vtfOxIAdGZh3YJIs1BU8a0VuTSnVK164LkKIPNgIQ7T45Bd4U5VB8vhsjOJM:1q1eBw:hx0mwpJ-YNfvwBg0v1Gq5qLK8fVq_VA9I1k60-cKuiw', '2023-06-07 10:25:32.439178');
INSERT INTO `django_session` VALUES ('fi59yn50hrauida8bjbtxwiy24myq8rc', '.eJxVjDsOwjAQBe_iGln-26Gkzxms9e4aB1Ai5VMh7k4ipYD2zcx7iwzb2vK28JwHEldhlbj8jgXwyeNB6AHjfZI4jes8FHko8qSL7Cfi1-10_w4aLG2vtfOxIAdGZh3YJIs1BU8a0VuTSnVK164LkKIPNgIQ7T45Bd4U5VB8vhsjOJM:1pt2Cc:ULtRKu9RNj1XyGzcNnttLH03kXV-T-0OB0b3-3teDOg', '2023-05-14 16:14:38.534825');
INSERT INTO `django_session` VALUES ('fnpcx0lr5hzjo31z3wdeumy7tcm0wl51', '.eJxVjDsOwjAQBe_iGln-26Gkzxms9e4aB1Ai5VMh7k4ipYD2zcx7iwzb2vK28JwHEldhlbj8jgXwyeNB6AHjfZI4jes8FHko8qSL7Cfi1-10_w4aLG2vtfOxIAdGZh3YJIs1BU8a0VuTSnVK164LkKIPNgIQ7T45Bd4U5VB8vhsjOJM:1pwe8I:_OhcFIU5LwQJ7JqFQnCAYdkSRMzTlVotzUZBCwJz0pE', '2023-05-24 15:21:06.896615');
INSERT INTO `django_session` VALUES ('ftmcmuik13imheebupnmjdjqa7z5w5i2', '.eJxVjDsOwyAQBe9CHaHwNaRM7zOgXViCkwgkY1dR7m5bcpG0b2behwVYlxLWTnOYErsxodjld0SIL6oHSU-oj8Zjq8s8IT8UftLOx5bofT_dv4MCvez14NAKqVQmKbWGKzoSFHUyUTuMGQaJYEAoCxqIKDtjs3feG8oCQRH7bhW5OPc:1pEYai:d_RI44ItdyY3TMRWV9U4khcac6uRgD-N459fuO0lX3E', '2023-01-23 00:32:12.921864');
INSERT INTO `django_session` VALUES ('g0q3ivhqo0ikmv4o3w9dk5mszhqky48c', '.eJxVjDsOwjAQBe_iGln-26Gkzxms9e4aB1Ai5VMh7k4ipYD2zcx7iwzb2vK28JwHEldhlbj8jgXwyeNB6AHjfZI4jes8FHko8qSL7Cfi1-10_w4aLG2vtfOxIAdGZh3YJIs1BU8a0VuTSnVK164LkKIPNgIQ7T45Bd4U5VB8vhsjOJM:1paTKr:hD-uema1wFxdgNyCk5cXF2kQw7E1XEtCtPwUru0oIYk', '2023-03-24 11:22:25.926987');
INSERT INTO `django_session` VALUES ('g2k6z31udh13yctn9zb7cn0ryjba74bq', '.eJxVjDsOwjAQBe_iGln-26Gkzxms9e4aB1Ai5VMh7k4ipYD2zcx7iwzb2vK28JwHEldhlbj8jgXwyeNB6AHjfZI4jes8FHko8qSL7Cfi1-10_w4aLG2vtfOxIAdGZh3YJIs1BU8a0VuTSnVK164LkKIPNgIQ7T45Bd4U5VB8vhsjOJM:1pvDaw:arq4WaHIKmgVr0m8Ci6KZS5fNC_v7RyGhs8aF1O5IV4', '2023-05-20 16:48:46.262435');
INSERT INTO `django_session` VALUES ('g405y95u1a45wzyt9tw07atrnt5lx4ly', '.eJxVjDsOwjAQBe_iGln-26Gkzxms9e4aB1Ai5VMh7k4ipYD2zcx7iwzb2vK28JwHEldhlbj8jgXwyeNB6AHjfZI4jes8FHko8qSL7Cfi1-10_w4aLG2vtfOxIAdGZh3YJIs1BU8a0VuTSnVK164LkKIPNgIQ7T45Bd4U5VB8vhsjOJM:1psHbB:uz9a0p2c5o_IfVfxfYXaAQBuUiD_b4vnSaf7_3WTeqw', '2023-05-12 14:28:53.773730');
INSERT INTO `django_session` VALUES ('g4f5h8jwyj61yy0l89nopeo32m3ufs0d', '.eJxVjDsOwjAQBe_iGln-26Gkzxms9e4aB1Ai5VMh7k4ipYD2zcx7iwzb2vK28JwHEldhlbj8jgXwyeNB6AHjfZI4jes8FHko8qSL7Cfi1-10_w4aLG2vtfOxIAdGZh3YJIs1BU8a0VuTSnVK164LkKIPNgIQ7T45Bd4U5VB8vhsjOJM:1poQOc:x-NXHcatBU0cysPDxUapIx-iNsVpLprEG0EFFj8HneI', '2023-05-01 23:03:58.469814');
INSERT INTO `django_session` VALUES ('gagak4mwx82ikrxz7z40stsi9nfc6vvr', '.eJxVjDsOwjAQBe_iGln-26Gkzxms9e4aB1Ai5VMh7k4ipYD2zcx7iwzb2vK28JwHEldhlbj8jgXwyeNB6AHjfZI4jes8FHko8qSL7Cfi1-10_w4aLG2vtfOxIAdGZh3YJIs1BU8a0VuTSnVK164LkKIPNgIQ7T45Bd4U5VB8vhsjOJM:1poLnQ:FqNjuQXhK453org1qVhs37Ho9wt77dNMfB4cxQdkc_M', '2023-05-01 18:09:16.035885');
INSERT INTO `django_session` VALUES ('ggsr0ccn4ltz4ve1yst6glpl4ehlmglv', '.eJxVjDsOwjAQBe_iGln-shYlPWewdr0bHECOFCdVxN0hUgpo38y8TWVcl5rXLnMeWV2Ujer0OxKWp7Sd8APbfdJlass8kt4VfdCubxPL63q4fwcVe_3WCTiwc96JMRYhIFBJQzQmoKCkYtGSJ5PQFw9na9GReA4xwgA-OVTvDwJMN98:1pFwxN:gJS0Z7GVT7cu9-zIJguB1meBI3mel3C6tzzwdiA50Rg', '2023-01-26 20:45:21.523865');
INSERT INTO `django_session` VALUES ('gj2p7m29bhazib78saiw3rszlahyktuw', '.eJxVjDsOwjAQBe_iGln-26Gkzxms9e4aB1Ai5VMh7k4ipYD2zcx7iwzb2vK28JwHEldhlbj8jgXwyeNB6AHjfZI4jes8FHko8qSL7Cfi1-10_w4aLG2vtfOxIAdGZh3YJIs1BU8a0VuTSnVK164LkKIPNgIQ7T45Bd4U5VB8vhsjOJM:1pcomj:n8WJfnyQuHEzYntbfcDpcXP_s0ZzkMU3foRC0f626fU', '2023-03-30 22:40:53.770630');
INSERT INTO `django_session` VALUES ('gla30vxkp2px53lz9gfr24nkkzsb6rjo', '.eJxVjDsOwjAQBe_iGln-26Gkzxms9e4aB1Ai5VMh7k4ipYD2zcx7iwzb2vK28JwHEldhlbj8jgXwyeNB6AHjfZI4jes8FHko8qSL7Cfi1-10_w4aLG2vtfOxIAdGZh3YJIs1BU8a0VuTSnVK164LkKIPNgIQ7T45Bd4U5VB8vhsjOJM:1pcOnp:xxyR4Z3hHuxxZBm5_zflnlot7WdFTmNxj4ru-Y36XCU', '2023-03-29 18:56:17.506650');
INSERT INTO `django_session` VALUES ('gno2ou4hugn2ywi4s0vkgkv3osa8uzen', '.eJxVjDsOwjAQBe_iGln-26Gkzxms9e4aB1Ai5VMh7k4ipYD2zcx7iwzb2vK28JwHEldhlbj8jgXwyeNB6AHjfZI4jes8FHko8qSL7Cfi1-10_w4aLG2vtfOxIAdGZh3YJIs1BU8a0VuTSnVK164LkKIPNgIQ7T45Bd4U5VB8vhsjOJM:1qBkwm:tkXMEi_RAVa1j7uBfWziOniaQBVPTmEIRI_6gZE01Uc', '2023-07-05 07:39:40.115582');
INSERT INTO `django_session` VALUES ('gotn9dgc2qmsuupwwbsma1x2nmoqqo7w', '.eJxVjDsOwjAQBe_iGln-26Gkzxms9e4aB1Ai5VMh7k4ipYD2zcx7iwzb2vK28JwHEldhlbj8jgXwyeNB6AHjfZI4jes8FHko8qSL7Cfi1-10_w4aLG2vtfOxIAdGZh3YJIs1BU8a0VuTSnVK164LkKIPNgIQ7T45Bd4U5VB8vhsjOJM:1pjAXH:yagED9KuL8JGW9pFsV4O8RE6DggtEU53vlyJkmMXyTU', '2023-04-17 11:07:11.904783');
INSERT INTO `django_session` VALUES ('gstytaje8vfr9093eiglsxcb1t4q67vg', '.eJxVjDsOwjAQBe_iGln-26Gkzxms9e4aB1Ai5VMh7k4ipYD2zcx7iwzb2vK28JwHEldhlbj8jgXwyeNB6AHjfZI4jes8FHko8qSL7Cfi1-10_w4aLG2vtfOxIAdGZh3YJIs1BU8a0VuTSnVK164LkKIPNgIQ7T45Bd4U5VB8vhsjOJM:1pfcyY:EJJylWP3d8o4jmW_Sz55Xv2mthKta0-c8ZfTV4oTGIA', '2023-04-07 16:40:42.412670');
INSERT INTO `django_session` VALUES ('gwb0x9mmuie5fikxan9ihzlyoq4r1dro', '.eJxVjMsOwiAQRf-FtSG8EZfu_QYyMINUDSSlXRn_3TbpQrf3nHPfLMK61LgOmuOE7MKUZqffMUF-UtsJPqDdO8-9LfOU-K7wgw5-60iv6-H-HVQYdaulV9JL8qokNGic0Ul4tEbbRBQAMmolLTgl3FkELza3aGGoUMBE0rHPF_NsN8o:1pRpbo:85aitEl3NA_NjIkTZslrtO0RjUEoOvegIxv5kfulODg', '2023-02-28 15:20:12.961433');
INSERT INTO `django_session` VALUES ('gxr88c4z3zta9yr6bxv9ut5j6nzzhvsf', '.eJxVjDsOwjAQBe_iGln-26Gkzxms9e4aB1Ai5VMh7k4ipYD2zcx7iwzb2vK28JwHEldhlbj8jgXwyeNB6AHjfZI4jes8FHko8qSL7Cfi1-10_w4aLG2vtfOxIAdGZh3YJIs1BU8a0VuTSnVK164LkKIPNgIQ7T45Bd4U5VB8vhsjOJM:1qAkl4:9aRNmPkAAYQyoh9d5xgQyW49THJRml_GgDMyfeEYBUE', '2023-07-02 13:15:26.627469');
INSERT INTO `django_session` VALUES ('h0pmb9kfcea53k79cywkv45lt9mf12fy', '.eJxVjDsOwjAQBe_iGln-26Gkzxms9e4aB1Ai5VMh7k4ipYD2zcx7iwzb2vK28JwHEldhlbj8jgXwyeNB6AHjfZI4jes8FHko8qSL7Cfi1-10_w4aLG2vtfOxIAdGZh3YJIs1BU8a0VuTSnVK164LkKIPNgIQ7T45Bd4U5VB8vhsjOJM:1pwJUf:9riIv7reElaBGShLIRkhxRGOe3Jv6mDEcmObrGLRMNo', '2023-05-23 17:18:49.128940');
INSERT INTO `django_session` VALUES ('h15kdbum8so5a2mnoqzu2sau1a9d1upf', '.eJxVjDsOwjAQBe_iGln-26Gkzxms9e4aB1Ai5VMh7k4ipYD2zcx7iwzb2vK28JwHEldhlbj8jgXwyeNB6AHjfZI4jes8FHko8qSL7Cfi1-10_w4aLG2vtfOxIAdGZh3YJIs1BU8a0VuTSnVK164LkKIPNgIQ7T45Bd4U5VB8vhsjOJM:1pjgcl:rrsKAoX7WQ5mUzz_O_cGD9MC_t-0C9qV_mK-j5Lsuao', '2023-04-18 21:22:59.937360');
INSERT INTO `django_session` VALUES ('helvnq68gl75zbcb9ffum1qnt3rfk3y0', '.eJxVjDsOwjAQBe_iGln-26Gkzxms9e4aB1Ai5VMh7k4ipYD2zcx7iwzb2vK28JwHEldhlbj8jgXwyeNB6AHjfZI4jes8FHko8qSL7Cfi1-10_w4aLG2vtfOxIAdGZh3YJIs1BU8a0VuTSnVK164LkKIPNgIQ7T45Bd4U5VB8vhsjOJM:1pmBcH:99mohviEGz6q8GD0jxsIcGmNuqeTbAWoNmzf_3uswF4', '2023-04-25 18:52:49.527133');
INSERT INTO `django_session` VALUES ('hpwh8nt8arfw7unm1p8temb1jkotwdme', '.eJxVjDEOwjAMRe-SGUVNE9kpIztniOzYJQWUSk07Ie4OlTrA-t97_2USbWtJW9MlTWLOJqA5_Y5M-aF1J3Knepttnuu6TGx3xR602ess-rwc7t9BoVa-tQ_Zx56Zu9gxocKAOCKoC35UAAUiBBIn2ROgE899lhhEB8ZIjs37AxgHOM0:1q5ijV:Hr0wzGBzkgBj3yZJUzkNRcT7TmqLRjkp0CSPc-tvPaE', '2023-06-18 16:05:01.375204');
INSERT INTO `django_session` VALUES ('hrjx7h6n6nq4tpxcz7cqwg51tz9cettq', '.eJxVjMsOwiAQRf-FtSEQXoNL934DGZhBqoYmpV0Z_12bdKHbe865L5FwW1vaBi9pInEWRpx-t4zlwX0HdMd-m2WZ-7pMWe6KPOiQ15n4eTncv4OGo31rBV5Z45ApGBOIMUK1UUNURlvnrcsBA5LTBcAoVTkwxeoBiDlTzOL9AcIFN8Q:1p4If8:AEMV64DJVficIg-hPdpSuqo_exjGYr0N8GG6_lDC3G4', '2022-12-25 17:30:22.960378');
INSERT INTO `django_session` VALUES ('ht9x4swgiae66q66jghyeeb0rm4h3v94', '.eJxVjDsOwjAQBe_iGln-26Gkzxms9e4aB1Ai5VMh7k4ipYD2zcx7iwzb2vK28JwHEldhlbj8jgXwyeNB6AHjfZI4jes8FHko8qSL7Cfi1-10_w4aLG2vtfOxIAdGZh3YJIs1BU8a0VuTSnVK164LkKIPNgIQ7T45Bd4U5VB8vhsjOJM:1pfGgt:CuTBQixKnlRphLan76b4PKMNjRp7KT2r6ay_eoA3atY', '2023-04-06 16:52:59.154897');
INSERT INTO `django_session` VALUES ('huvwbms0ev3ufe075a7f0i0b704hw1jj', '.eJxVjDsOwjAQBe_iGln-26Gkzxms9e4aB1Ai5VMh7k4ipYD2zcx7iwzb2vK28JwHEldhlbj8jgXwyeNB6AHjfZI4jes8FHko8qSL7Cfi1-10_w4aLG2vtfOxIAdGZh3YJIs1BU8a0VuTSnVK164LkKIPNgIQ7T45Bd4U5VB8vhsjOJM:1pe8cX:05l3WHLUe3H0kGysPUQKAwFduYY0_aHEh4jrqtHBOW8', '2023-04-03 14:03:49.515176');
INSERT INTO `django_session` VALUES ('hvxakey9692b1ww1oxt1tdsuu9tgew84', '.eJxVjDsOwjAQBe_iGln-26Gkzxms9e4aB1Ai5VMh7k4ipYD2zcx7iwzb2vK28JwHEldhlbj8jgXwyeNB6AHjfZI4jes8FHko8qSL7Cfi1-10_w4aLG2vtfOxIAdGZh3YJIs1BU8a0VuTSnVK164LkKIPNgIQ7T45Bd4U5VB8vhsjOJM:1q2Rdo:UxoDb7wCuY1nTPb1v4p9BjWiwzgOFB2kg7E1vS-dHEQ', '2023-06-09 15:13:36.885430');
INSERT INTO `django_session` VALUES ('hze93bv6gwwuidc2ggdp3h4sjocq6z9v', '.eJxVjDsOwjAQBe_iGln-26Gkzxms9e4aB1Ai5VMh7k4ipYD2zcx7iwzb2vK28JwHEldhlbj8jgXwyeNB6AHjfZI4jes8FHko8qSL7Cfi1-10_w4aLG2vtfOxIAdGZh3YJIs1BU8a0VuTSnVK164LkKIPNgIQ7T45Bd4U5VB8vhsjOJM:1pvvKu:-LfAdW5jeq1jae5gG8FUFyuwoPYb5iMCQ3a_t0HYt7I', '2023-05-22 15:31:08.994088');
INSERT INTO `django_session` VALUES ('i0smcsem4o40ug1cad0a9a98b9opte3i', '.eJxVjDsOwjAQBe_iGln-26Gkzxms9e4aB1Ai5VMh7k4ipYD2zcx7iwzb2vK28JwHEldhlbj8jgXwyeNB6AHjfZI4jes8FHko8qSL7Cfi1-10_w4aLG2vtfOxIAdGZh3YJIs1BU8a0VuTSnVK164LkKIPNgIQ7T45Bd4U5VB8vhsjOJM:1pqJia:yxeBFsDqrbVHYd9vQFH6b8wIDJQcU_VwToSOc6L5YZ4', '2023-05-07 04:20:24.489318');
INSERT INTO `django_session` VALUES ('i38nrepsvqz6monk25bqac26pz2vzw9o', '.eJxVjDsOwjAQBe_iGln-26Gkzxms9e4aB1Ai5VMh7k4ipYD2zcx7iwzb2vK28JwHEldhlbj8jgXwyeNB6AHjfZI4jes8FHko8qSL7Cfi1-10_w4aLG2vtfOxIAdGZh3YJIs1BU8a0VuTSnVK164LkKIPNgIQ7T45Bd4U5VB8vhsjOJM:1pgOhG:DCpgnzThGQKxScOImxcR-j-3lDci8imUoTPLmiffMtY', '2023-04-09 19:38:02.756995');
INSERT INTO `django_session` VALUES ('i5ic33pcg18h8rggyvyydo0dwebixnxm', '.eJxVjDsOwjAQBe_iGln-26Gkzxms9e4aB1Ai5VMh7k4ipYD2zcx7iwzb2vK28JwHEldhlbj8jgXwyeNB6AHjfZI4jes8FHko8qSL7Cfi1-10_w4aLG2vtfOxIAdGZh3YJIs1BU8a0VuTSnVK164LkKIPNgIQ7T45Bd4U5VB8vhsjOJM:1pvw5m:BYyzfQqRZwcaObaMAQiIA0VuiQ4v_vKjZfiq7dEDF9Y', '2023-05-22 16:19:34.336203');
INSERT INTO `django_session` VALUES ('i6mrta0ej8k0tlmttkvjx1nxxsr2fel3', '.eJxVjDsOwjAQBe_iGln-26Gkzxms9e4aB1Ai5VMh7k4ipYD2zcx7iwzb2vK28JwHEldhlbj8jgXwyeNB6AHjfZI4jes8FHko8qSL7Cfi1-10_w4aLG2vtfOxIAdGZh3YJIs1BU8a0VuTSnVK164LkKIPNgIQ7T45Bd4U5VB8vhsjOJM:1poKvR:F-uqQ6HbFLK30-T34ymzZttVLR4SDCWckVd9KQjIUX8', '2023-05-01 17:13:29.016040');
INSERT INTO `django_session` VALUES ('ia5yxmb9p32x2fek0g4txpbg53mn5xge', '.eJxVjDsOwjAQBe_iGln-26Gkzxms9e4aB1Ai5VMh7k4ipYD2zcx7iwzb2vK28JwHEldhlbj8jgXwyeNB6AHjfZI4jes8FHko8qSL7Cfi1-10_w4aLG2vtfOxIAdGZh3YJIs1BU8a0VuTSnVK164LkKIPNgIQ7T45Bd4U5VB8vhsjOJM:1putjf:tMfvq5iRX_Bc2Ar9kebRL5a9N8VhaPVgQtJMJKnbay0', '2023-05-19 19:36:27.372733');
INSERT INTO `django_session` VALUES ('ibr3eoshbqvlv3ldhnqqnn862x8i59ur', '.eJxVjDsOwjAQBe_iGln-26Gkzxms9e4aB1Ai5VMh7k4ipYD2zcx7iwzb2vK28JwHEldhlbj8jgXwyeNB6AHjfZI4jes8FHko8qSL7Cfi1-10_w4aLG2vtfOxIAdGZh3YJIs1BU8a0VuTSnVK164LkKIPNgIQ7T45Bd4U5VB8vhsjOJM:1pbOEr:RlQyQ11lchcIyp5xfAPSOMAUiUI8W4ZrgzGpE_0wnpo', '2023-03-27 00:08:01.759231');
INSERT INTO `django_session` VALUES ('idhaioii8f05rr3bx0bnm3uezvo1x1v7', '.eJxVjDsOwyAQRO9CHSEMyy9lep8BLbAOTiIsGbuKcvdgyUXSjea9mTcLuG8l7I3WMGd2ZdKwy28ZMT2pHiQ_sN4Xnpa6rXPkh8JP2vi4ZHrdTvfvoGArfT1MQpF11uKAnnoGn9Do6EEDGZLCaTUIJ3XUkJyknpSHaQJnlRcW2OcL55A2oQ:1pVPfq:qNfHzXxHieNMEwW_GMCVvUjmFr8HkF1KaopRUs4LyJ8', '2023-03-10 12:27:10.372564');
INSERT INTO `django_session` VALUES ('idq96qydoqm0jjwhyvvug6w5tmcupwrg', '.eJxVjDsOwjAQBe_iGln-26Gkzxms9e4aB1Ai5VMh7k4ipYD2zcx7iwzb2vK28JwHEldhlbj8jgXwyeNB6AHjfZI4jes8FHko8qSL7Cfi1-10_w4aLG2vtfOxIAdGZh3YJIs1BU8a0VuTSnVK164LkKIPNgIQ7T45Bd4U5VB8vhsjOJM:1paBAY:DUrtBcfjxqjSRCZ0dYuo8cSOINl5i19kXjaMMKwXLRM', '2023-03-23 15:58:34.158088');
INSERT INTO `django_session` VALUES ('if41xv6erryys0p6bd1kcobe7vrwbee3', '.eJxVjDsOwjAQBe_iGln-26Gkzxms9e4aB1Ai5VMh7k4ipYD2zcx7iwzb2vK28JwHEldhlbj8jgXwyeNB6AHjfZI4jes8FHko8qSL7Cfi1-10_w4aLG2vtfOxIAdGZh3YJIs1BU8a0VuTSnVK164LkKIPNgIQ7T45Bd4U5VB8vhsjOJM:1pmwzl:1wcjvCkmaRPoFd1NlS5m64IEoKmqPkWE-yqQCvVmC58', '2023-04-27 21:28:13.438859');
INSERT INTO `django_session` VALUES ('ifif421j9casf5g9cccybs9erufv0r7x', '.eJxVjDsOwjAQBe_iGln-26Gkzxms9e4aB1Ai5VMh7k4ipYD2zcx7iwzb2vK28JwHEldhlbj8jgXwyeNB6AHjfZI4jes8FHko8qSL7Cfi1-10_w4aLG2vtfOxIAdGZh3YJIs1BU8a0VuTSnVK164LkKIPNgIQ7T45Bd4U5VB8vhsjOJM:1qG9Hy:VBYO1_BRp-ZHsbLrlJi6ZSj6UiuUnPiY9pWoRNxbGv0', '2023-07-17 10:27:42.636726');
INSERT INTO `django_session` VALUES ('ihmnypdv088yl3oth3s8hukvpp6t9m8l', '.eJxVjDsOwjAQBe_iGln-26Gkzxms9e4aB1Ai5VMh7k4ipYD2zcx7iwzb2vK28JwHEldhlbj8jgXwyeNB6AHjfZI4jes8FHko8qSL7Cfi1-10_w4aLG2vtfOxIAdGZh3YJIs1BU8a0VuTSnVK164LkKIPNgIQ7T45Bd4U5VB8vhsjOJM:1pm2RK:QLWLsL7StSEgBTHG3HWCfYXtj6XByedhExhgqCNkNKY', '2023-04-25 09:04:54.208049');
INSERT INTO `django_session` VALUES ('io4n8ear6kpjur7ddr0bhq71d6uaqh75', '.eJxVjDsOwjAQBe_iGln-26Gkzxms9e4aB1Ai5VMh7k4ipYD2zcx7iwzb2vK28JwHEldhlbj8jgXwyeNB6AHjfZI4jes8FHko8qSL7Cfi1-10_w4aLG2vtfOxIAdGZh3YJIs1BU8a0VuTSnVK164LkKIPNgIQ7T45Bd4U5VB8vhsjOJM:1pqTHB:PI1pRefAkMMa9acGzLWbZ4-apZhjSQmIkFFyEetG4as', '2023-05-07 14:32:45.307573');
INSERT INTO `django_session` VALUES ('iov3bxm1p1t404wt5tbdc3dfftjmd2dy', '.eJxVjDsOwjAQBe_iGln-26Gkzxms9e4aB1Ai5VMh7k4ipYD2zcx7iwzb2vK28JwHEldhlbj8jgXwyeNB6AHjfZI4jes8FHko8qSL7Cfi1-10_w4aLG2vtfOxIAdGZh3YJIs1BU8a0VuTSnVK164LkKIPNgIQ7T45Bd4U5VB8vhsjOJM:1pmqZr:w-5erVqbRZStNcwGkPhhQxgxIae3vd-svu_8fWQEUoY', '2023-04-27 14:37:03.908933');
INSERT INTO `django_session` VALUES ('ip99mlefrrv2jboikc0nei1uaigcu072', '.eJxVjDsOwjAQBe_iGln-26Gkzxms9e4aB1Ai5VMh7k4ipYD2zcx7iwzb2vK28JwHEldhlbj8jgXwyeNB6AHjfZI4jes8FHko8qSL7Cfi1-10_w4aLG2vtfOxIAdGZh3YJIs1BU8a0VuTSnVK164LkKIPNgIQ7T45Bd4U5VB8vhsjOJM:1q6Mmw:OzbFhIee4s5F_3IvLxkbm-xp9yZLLFpbeiP-7PH6kII', '2023-06-20 10:51:14.862281');
INSERT INTO `django_session` VALUES ('ique0xkbeinwgdw1278k0dd23una6dc5', '.eJxVjDsOwjAQBe_iGln-26Gkzxms9e4aB1Ai5VMh7k4ipYD2zcx7iwzb2vK28JwHEldhlbj8jgXwyeNB6AHjfZI4jes8FHko8qSL7Cfi1-10_w4aLG2vtfOxIAdGZh3YJIs1BU8a0VuTSnVK164LkKIPNgIQ7T45Bd4U5VB8vhsjOJM:1qCeaH:qsIX6v7GOX6rXM3Id7w5vPi83H3wSaXtVbYY2Z_S0Hk', '2023-07-07 19:04:09.525448');
INSERT INTO `django_session` VALUES ('irbuc9lnr5t1v6437dh80tw4rgfz1lf5', '.eJxVjDsOwjAQBe_iGln-26Gkzxms9e4aB1Ai5VMh7k4ipYD2zcx7iwzb2vK28JwHEldhlbj8jgXwyeNB6AHjfZI4jes8FHko8qSL7Cfi1-10_w4aLG2vtfOxIAdGZh3YJIs1BU8a0VuTSnVK164LkKIPNgIQ7T45Bd4U5VB8vhsjOJM:1q66uz:VSrND1CYZp7wPKywd4ckjLGOuqS0SRJGhw3k1zP5y2Q', '2023-06-19 17:54:29.774870');
INSERT INTO `django_session` VALUES ('iyp1dhh25d1qv43cd7g0bk4wklwppasd', '.eJxVjDsOwjAQBe_iGln-26Gkzxms9e4aB1Ai5VMh7k4ipYD2zcx7iwzb2vK28JwHEldhlbj8jgXwyeNB6AHjfZI4jes8FHko8qSL7Cfi1-10_w4aLG2vtfOxIAdGZh3YJIs1BU8a0VuTSnVK164LkKIPNgIQ7T45Bd4U5VB8vhsjOJM:1q8cY1:G8TRsMaSIXwVQUOFH4unU5rIIhFYCSLlDH5i25fYxXc', '2023-06-26 16:05:09.742484');
INSERT INTO `django_session` VALUES ('j2b8j9tg997jzdcg63z7strydtdo1pvp', '.eJxVjDsOwjAQBe_iGln-26Gkzxms9e4aB1Ai5VMh7k4ipYD2zcx7iwzb2vK28JwHEldhlbj8jgXwyeNB6AHjfZI4jes8FHko8qSL7Cfi1-10_w4aLG2vtfOxIAdGZh3YJIs1BU8a0VuTSnVK164LkKIPNgIQ7T45Bd4U5VB8vhsjOJM:1pmQuk:RPPoNItP4qNER8xmDidfZT6PwevrwKzA5MGlj2zW1BU', '2023-04-26 11:12:54.549632');
INSERT INTO `django_session` VALUES ('j8izc897jv7a95wb45kvt1apn9i5v475', '.eJxVjDsOwjAQBe_iGln-26Gkzxms9e4aB1Ai5VMh7k4ipYD2zcx7iwzb2vK28JwHEldhlbj8jgXwyeNB6AHjfZI4jes8FHko8qSL7Cfi1-10_w4aLG2vtfOxIAdGZh3YJIs1BU8a0VuTSnVK164LkKIPNgIQ7T45Bd4U5VB8vhsjOJM:1pt6Sm:Y13Ig0NvZ4fjL5qn7XelTjjY7wI50RDZ7g0IdLFzTYQ', '2023-05-14 20:47:36.397708');
INSERT INTO `django_session` VALUES ('jaamyk58jy6sae2712hzjx8yqui7ld7b', '.eJxVjDsOwjAQBe_iGln-26Gkzxms9e4aB1Ai5VMh7k4ipYD2zcx7iwzb2vK28JwHEldhlbj8jgXwyeNB6AHjfZI4jes8FHko8qSL7Cfi1-10_w4aLG2vtfOxIAdGZh3YJIs1BU8a0VuTSnVK164LkKIPNgIQ7T45Bd4U5VB8vhsjOJM:1qBAjd:TAhpm29veglceCXoEnpFqgykOm1PFLa7biNSiLJ1c4A', '2023-07-03 16:59:41.830218');
INSERT INTO `django_session` VALUES ('jgbpyv5r6ljaruffhqi1n7gocz6vh5ul', '.eJxVjDsOwjAQRO_iGln4uw4lPWew1usNDiBbipMKcXcSKQWUM-_NvEXEdSlx7TzHKYuL0Gdx-i0T0pPrTvID671JanWZpyR3RR60y1vL_Loe7t9BwV62tWPveNBepWAYDFlPQCYMIzNgUlpDVlYBkUegLSoTIDutfMoIaEfx-QL6yzfV:1pLgiw:aPwRDrSPA2wGjJRiz_AYdvqqTo7nKTIMoFjoUcXV76c', '2023-02-11 16:38:10.059724');
INSERT INTO `django_session` VALUES ('jmyi2ejq96f1rjx7cj06oayw1xv6ghux', '.eJxVjDsOwjAQBe_iGln-26Gkzxms9e4aB1Ai5VMh7k4ipYD2zcx7iwzb2vK28JwHEldhlbj8jgXwyeNB6AHjfZI4jes8FHko8qSL7Cfi1-10_w4aLG2vtfOxIAdGZh3YJIs1BU8a0VuTSnVK164LkKIPNgIQ7T45Bd4U5VB8vhsjOJM:1q9cBD:7SzSriWlrVCiOspOD4gRDBp3hesuG1qVUhRcWCNJ32A', '2023-06-29 09:53:43.920694');
INSERT INTO `django_session` VALUES ('jr5jw8rv0sxrg49429evqn8u37tpcy5w', '.eJxVjDsOwjAQBe_iGln-26Gkzxms9e4aB1Ai5VMh7k4ipYD2zcx7iwzb2vK28JwHEldhlbj8jgXwyeNB6AHjfZI4jes8FHko8qSL7Cfi1-10_w4aLG2vtfOxIAdGZh3YJIs1BU8a0VuTSnVK164LkKIPNgIQ7T45Bd4U5VB8vhsjOJM:1qCHjQ:0j8ElTpKaGa_RWhhKOVUKZdX_MpvbxalRqnMZcxochk', '2023-07-06 18:40:04.617817');
INSERT INTO `django_session` VALUES ('jrremjgrimx62w8eq404koqgmi09m8qh', '.eJxVjDsOwjAQBe_iGln-26Gkzxms9e4aB1Ai5VMh7k4ipYD2zcx7iwzb2vK28JwHEldhlbj8jgXwyeNB6AHjfZI4jes8FHko8qSL7Cfi1-10_w4aLG2vtfOxIAdGZh3YJIs1BU8a0VuTSnVK164LkKIPNgIQ7T45Bd4U5VB8vhsjOJM:1qE0Ta:XOBKLUotTel3c2AgrYjalQfFL3ZoOLsrHJWI7-oI4Tw', '2023-07-11 12:38:50.780491');
INSERT INTO `django_session` VALUES ('jz6be406vel0i4oq0qhqbz6vl9edsawd', '.eJxVjDsOwjAQBe_iGlmO119Kes5g-bOLA8iW4qRC3B0ipYD2zcx7sRC3tYZt4BLmws5Ma3b6HVPMD2w7KffYbp3n3tZlTnxX-EEHv_aCz8vh_h3UOOq3loCZBJFVTliPQJNIfjLGevBGgRaGXLKoFUEhLyFqYxxJ0M5HlJTZ-wPxOjd1:1qGFka:lKK9v-mIrwZxBEF6DQhNd15i3Y47dcSsQ1lYIqiIHNs', '2023-07-17 17:21:40.823813');
INSERT INTO `django_session` VALUES ('k20ef0ga4s73d6u5vjuhxk4szlfva2oi', '.eJxVjDsOwjAQBe_iGln-26Gkzxms9e4aB1Ai5VMh7k4ipYD2zcx7iwzb2vK28JwHEldhlbj8jgXwyeNB6AHjfZI4jes8FHko8qSL7Cfi1-10_w4aLG2vtfOxIAdGZh3YJIs1BU8a0VuTSnVK164LkKIPNgIQ7T45Bd4U5VB8vhsjOJM:1poFJT:s3YpW31SFSZdqd0iSIGTPbvuwJ7Kez7G71lFk3ZrsqA', '2023-05-01 11:13:55.278843');
INSERT INTO `django_session` VALUES ('k5v4gdudzecjvmnk759mxwz4q613wjsm', '.eJxVjMsOwiAURP-FtSG8ysOl-34DuVxAqgaS0q6M_y5NutDlzDkzb-Jh34rfe1r9EsmVCE4uv2UAfKZ6kPiAem8UW93WJdBDoSftdG4xvW6n-3dQoJexNgGT01ZmywRq5pBJcNZJabNQIASXOBIfjuEGbDYwKQChnJZc4wTk8wXkNTb1:1pNl0E:la0c5p-8-NbwmWyesvSuQgBmEqR9JAZysdDKSIo6EbI', '2023-02-17 09:36:34.946095');
INSERT INTO `django_session` VALUES ('k9ksxtyr18bon8k1ii347lkxe25j84ud', '.eJxVjDsOwjAQBe_iGln-26Gkzxms9e4aB1Ai5VMh7k4ipYD2zcx7iwzb2vK28JwHEldhlbj8jgXwyeNB6AHjfZI4jes8FHko8qSL7Cfi1-10_w4aLG2vtfOxIAdGZh3YJIs1BU8a0VuTSnVK164LkKIPNgIQ7T45Bd4U5VB8vhsjOJM:1q4uqK:bYRCqEUyrDXQ4kHkYIm-bF6wTteHUPJkC9Bo6gMbJu4', '2023-06-16 10:48:44.060582');
INSERT INTO `django_session` VALUES ('k9m93bf60oz9xx9ijgyc9m4nk7ntuiab', '.eJxVjDsOwjAQBe_iGln-26Gkzxms9e4aB1Ai5VMh7k4ipYD2zcx7iwzb2vK28JwHEldhlbj8jgXwyeNB6AHjfZI4jes8FHko8qSL7Cfi1-10_w4aLG2vtfOxIAdGZh3YJIs1BU8a0VuTSnVK164LkKIPNgIQ7T45Bd4U5VB8vhsjOJM:1q4AQd:ayhflgKI_xkC9hbP62enOUVsRto5x21rLGAj6Xyz1Z8', '2023-06-14 09:15:07.125536');
INSERT INTO `django_session` VALUES ('ka7agyjej8z1ysgtqz7h6ot5szeu50um', '.eJxVjDsOwjAQBe_iGln-26Gkzxms9e4aB1Ai5VMh7k4ipYD2zcx7iwzb2vK28JwHEldhlbj8jgXwyeNB6AHjfZI4jes8FHko8qSL7Cfi1-10_w4aLG2vtfOxIAdGZh3YJIs1BU8a0VuTSnVK164LkKIPNgIQ7T45Bd4U5VB8vhsjOJM:1pxUWU:CL0gLBErVJtAvduDdb6UETxUCQLSH1jYe7yOsIMQbTE', '2023-05-26 23:17:34.148597');
INSERT INTO `django_session` VALUES ('kc9l5zoj63bdc0ey3wb68lkwjwxghh7c', '.eJxVjDsOwjAQBe_iGln-26Gkzxms9e4aB1Ai5VMh7k4ipYD2zcx7iwzb2vK28JwHEldhlbj8jgXwyeNB6AHjfZI4jes8FHko8qSL7Cfi1-10_w4aLG2vtfOxIAdGZh3YJIs1BU8a0VuTSnVK164LkKIPNgIQ7T45Bd4U5VB8vhsjOJM:1qAO9z:qcEUFermMyD8On5jIttwXAJqXA3UBPkRHqtlYCo5jbU', '2023-07-01 13:07:39.618271');
INSERT INTO `django_session` VALUES ('kftrjsctxre0yjbb37cm347b4dl6fr3y', '.eJxVjDsOwjAQBe_iGln-26Gkzxms9e4aB1Ai5VMh7k4ipYD2zcx7iwzb2vK28JwHEldhlbj8jgXwyeNB6AHjfZI4jes8FHko8qSL7Cfi1-10_w4aLG2vtfOxIAdGZh3YJIs1BU8a0VuTSnVK164LkKIPNgIQ7T45Bd4U5VB8vhsjOJM:1q8xex:lZ2puzyr4SIiiGsnFbwe-MKK_4DIBHCIUJDsmGrF15w', '2023-06-27 14:37:43.948602');
INSERT INTO `django_session` VALUES ('kgqa9cd9rnjzv02z7hl9top5kiihuqa3', '.eJxVjDsOwjAQBe_iGln-26Gkzxms9e4aB1Ai5VMh7k4ipYD2zcx7iwzb2vK28JwHEldhlbj8jgXwyeNB6AHjfZI4jes8FHko8qSL7Cfi1-10_w4aLG2vtfOxIAdGZh3YJIs1BU8a0VuTSnVK164LkKIPNgIQ7T45Bd4U5VB8vhsjOJM:1ph5zR:uC_s55B1rYzhaCklwuqBGh9vkhsiUDjP1pe0uoTeMUY', '2023-04-11 17:51:41.561854');
INSERT INTO `django_session` VALUES ('kgy11n3q3zyqkug7u7mnyqc61ad8o2gm', '.eJxVjDsOwjAQBe_iGln-26Gkzxms9e4aB1Ai5VMh7k4ipYD2zcx7iwzb2vK28JwHEldhlbj8jgXwyeNB6AHjfZI4jes8FHko8qSL7Cfi1-10_w4aLG2vtfOxIAdGZh3YJIs1BU8a0VuTSnVK164LkKIPNgIQ7T45Bd4U5VB8vhsjOJM:1qDM0o:61jqQ1A1thKPxITMPq0KxHq5E6EWsgtnEIwrUfGkqjw', '2023-07-09 17:26:26.697502');
INSERT INTO `django_session` VALUES ('kih62ljwharjke8wqxtrqroa1kw7a72h', '.eJxVjDsOwjAQBe_iGln-26Gkzxms9e4aB1Ai5VMh7k4ipYD2zcx7iwzb2vK28JwHEldhlbj8jgXwyeNB6AHjfZI4jes8FHko8qSL7Cfi1-10_w4aLG2vtfOxIAdGZh3YJIs1BU8a0VuTSnVK164LkKIPNgIQ7T45Bd4U5VB8vhsjOJM:1q1OYY:9tukN5Svkbrkzkbxn5TLv3VW75XVXp3x4rtCL1kMG94', '2023-06-06 17:43:50.380300');
INSERT INTO `django_session` VALUES ('kkf4k5vp20j6etkodq41w53zd4by2az6', '.eJxVjDsOwjAQBe_iGln-26Gkzxms9e4aB1Ai5VMh7k4ipYD2zcx7iwzb2vK28JwHEldhlbj8jgXwyeNB6AHjfZI4jes8FHko8qSL7Cfi1-10_w4aLG2vtfOxIAdGZh3YJIs1BU8a0VuTSnVK164LkKIPNgIQ7T45Bd4U5VB8vhsjOJM:1plidc:M_RCKmjks8tbKHCAJ2fL1I9slLexGTvV6s336lkQhHo', '2023-04-24 11:56:16.987025');
INSERT INTO `django_session` VALUES ('koqea9z6daleosvgje7yw2xmm1d09qeu', '.eJxVjDsOwjAQBe_iGln-26Gkzxms9e4aB1Ai5VMh7k4ipYD2zcx7iwzb2vK28JwHEldhlbj8jgXwyeNB6AHjfZI4jes8FHko8qSL7Cfi1-10_w4aLG2vtfOxIAdGZh3YJIs1BU8a0VuTSnVK164LkKIPNgIQ7T45Bd4U5VB8vhsjOJM:1pfIhS:bOw68-S0xP26JMGUq4MPlLRJhMr0UDcUNXpXNQGNi4c', '2023-04-06 19:01:42.504015');
INSERT INTO `django_session` VALUES ('kpth4bt0g1zz97p8ep06h7p2uu2s65b3', '.eJxVjDsOwjAQBe_iGln-26Gkzxms9e4aB1Ai5VMh7k4ipYD2zcx7iwzb2vK28JwHEldhlbj8jgXwyeNB6AHjfZI4jes8FHko8qSL7Cfi1-10_w4aLG2vtfOxIAdGZh3YJIs1BU8a0VuTSnVK164LkKIPNgIQ7T45Bd4U5VB8vhsjOJM:1pzkKl:RoeE9_dd9biwOd7xnj92pj5VgeQ6U8F7NKewPDaiGAw', '2023-06-02 04:34:47.497736');
INSERT INTO `django_session` VALUES ('kr4ozz7bn69wba9ur3rlgymgl9ctv4c8', '.eJxVjDsOwjAQBe_iGln-26Gkzxms9e4aB1Ai5VMh7k4ipYD2zcx7iwzb2vK28JwHEldhlbj8jgXwyeNB6AHjfZI4jes8FHko8qSL7Cfi1-10_w4aLG2vtfOxIAdGZh3YJIs1BU8a0VuTSnVK164LkKIPNgIQ7T45Bd4U5VB8vhsjOJM:1q8Qz8:8epIdKeFJm-dK7zNnzJOtRqqq5xW2VJeE-UYxxhpkEo', '2023-06-26 03:44:22.844638');
INSERT INTO `django_session` VALUES ('kw9xln1sl8g8e5sbdvwdezug7jdth66n', '.eJxVjDsOwjAQBe_iGln-26Gkzxms9e4aB1Ai5VMh7k4ipYD2zcx7iwzb2vK28JwHEldhlbj8jgXwyeNB6AHjfZI4jes8FHko8qSL7Cfi1-10_w4aLG2vtfOxIAdGZh3YJIs1BU8a0VuTSnVK164LkKIPNgIQ7T45Bd4U5VB8vhsjOJM:1pqU9n:LhqjzBFxinBQI3bSHzXbf3R7nd9a6TPjVZCIcpcNSYI', '2023-05-07 15:29:11.630346');
INSERT INTO `django_session` VALUES ('kz2f7z29ce8pfqaonujljuhfssvwz5l8', '.eJxVjDsOwjAQBe_iGln-26Gkzxms9e4aB1Ai5VMh7k4ipYD2zcx7iwzb2vK28JwHEldhlbj8jgXwyeNB6AHjfZI4jes8FHko8qSL7Cfi1-10_w4aLG2vtfOxIAdGZh3YJIs1BU8a0VuTSnVK164LkKIPNgIQ7T45Bd4U5VB8vhsjOJM:1phXfF:rHwu1pczGDcBkS_hjMXM2KpEfThPgEyqwFAzwENHL7Y', '2023-04-12 23:24:41.272996');
INSERT INTO `django_session` VALUES ('l4qtt133jjvh94qr937d4a742w8qqcbv', '.eJxVjDsOwjAQBe_iGln-26Gkzxms9e4aB1Ai5VMh7k4ipYD2zcx7iwzb2vK28JwHEldhlbj8jgXwyeNB6AHjfZI4jes8FHko8qSL7Cfi1-10_w4aLG2vtfOxIAdGZh3YJIs1BU8a0VuTSnVK164LkKIPNgIQ7T45Bd4U5VB8vhsjOJM:1pmV3s:L0UYr0oDZMRfzW0kCG3CUrGStyjDXKJkgDbPi_u_LWA', '2023-04-26 15:38:36.104045');
INSERT INTO `django_session` VALUES ('l85zu5of3lr6foiealiokqp7io5i7of7', '.eJxVjDsOwjAQBe_iGln-26Gkzxms9e4aB1Ai5VMh7k4ipYD2zcx7iwzb2vK28JwHEldhlbj8jgXwyeNB6AHjfZI4jes8FHko8qSL7Cfi1-10_w4aLG2vtfOxIAdGZh3YJIs1BU8a0VuTSnVK164LkKIPNgIQ7T45Bd4U5VB8vhsjOJM:1plteM:o-D9ntDUIXvPfzFvgdLeXY98RsS2fkjM5LVZPemSiys', '2023-04-24 23:41:46.593064');
INSERT INTO `django_session` VALUES ('lhpeqxdjwt0vjsxlsaplrazs9cssq3cj', '.eJxVjDsOwjAQBe_iGln-26Gkzxms9e4aB1Ai5VMh7k4ipYD2zcx7iwzb2vK28JwHEldhlbj8jgXwyeNB6AHjfZI4jes8FHko8qSL7Cfi1-10_w4aLG2vtfOxIAdGZh3YJIs1BU8a0VuTSnVK164LkKIPNgIQ7T45Bd4U5VB8vhsjOJM:1pgFzN:UhCI0Qc3l2sRLAgZ2Zfs0m1l8hlTZtRdXlQlHDOSRGg', '2023-04-09 10:20:09.763560');
INSERT INTO `django_session` VALUES ('ll90lejdfgncgbh8dzkglvzlpop9atph', '.eJxVjMEOwiAQRP-FsyGCwC4evfcbCMtSqRqalPZk_Hdp0oMeZ96beYsQt7WEreUlTCyuQoE4_ZYU0zPXnfAj1vss01zXZSK5K_KgTQ4z59ftcP8OSmylr8GZCFohnsGQThH1iGRQZeXZjugtUbY-MYMBtmQv0LOlTpxzClB8vvZHN6g:1pHN2h:pB2ilc4D9Vb7AL1KScHWMdVopkP5mEMjDEtlaURzwww', '2023-01-30 18:48:43.894608');
INSERT INTO `django_session` VALUES ('lp5cepi41xbfnmjo0x8p6z1yx1eedj49', '.eJxVjDsOwjAQBe_iGln-26Gkzxms9e4aB1Ai5VMh7k4ipYD2zcx7iwzb2vK28JwHEldhlbj8jgXwyeNB6AHjfZI4jes8FHko8qSL7Cfi1-10_w4aLG2vtfOxIAdGZh3YJIs1BU8a0VuTSnVK164LkKIPNgIQ7T45Bd4U5VB8vhsjOJM:1q9J5q:zU_osFtkqEXdwbrxwWf-jieVHZ6oynpRVn4vUOtb8yo', '2023-06-28 13:30:54.223226');
INSERT INTO `django_session` VALUES ('lr0mx7cloduvkd34i4cplp3ivd6j6bl9', '.eJxVjMsOwiAQRf-FtSHlDS7d-w1kYAapGkhKuzL-uzbpQrf3nHNfLMK21rgNWuKM7Mx0YKffMUF-UNsJ3qHdOs-9rcuc-K7wgw5-7UjPy-H-HVQY9VubCbUl78F5KTBboOKs1Vo6CtIZoRRNARK54LEoKaEgCG2Uy9YWhYW9P_wKN_U:1q6lnG:GeHCafRWQcMoqwd_N2pl9lZdYtkKbSOPmaTJokeYvdM', '2023-06-21 13:33:14.677301');
INSERT INTO `django_session` VALUES ('lr3fhe0x7sq1h8eusowibeqfth6cv370', '.eJxVjDsOwjAQBe_iGln-26Gkzxms9e4aB1Ai5VMh7k4ipYD2zcx7iwzb2vK28JwHEldhlbj8jgXwyeNB6AHjfZI4jes8FHko8qSL7Cfi1-10_w4aLG2vtfOxIAdGZh3YJIs1BU8a0VuTSnVK164LkKIPNgIQ7T45Bd4U5VB8vhsjOJM:1pozYD:0Skvs1OOUPXJvoFhSRFhxZzHKcxFTKqXWqXKwhmaFEU', '2023-05-03 12:36:13.170855');
INSERT INTO `django_session` VALUES ('lr68f8a8vwvoigjd2pog8k52r0hv01iy', '.eJxVjDsOwjAQBe_iGln-26Gkzxms9e4aB1Ai5VMh7k4ipYD2zcx7iwzb2vK28JwHEldhlbj8jgXwyeNB6AHjfZI4jes8FHko8qSL7Cfi1-10_w4aLG2vtfOxIAdGZh3YJIs1BU8a0VuTSnVK164LkKIPNgIQ7T45Bd4U5VB8vhsjOJM:1pclMs:_YV30PPh3OxdbyeveklmGvGZMMZW_jHiln0NuMXPT6c', '2023-03-30 19:01:58.732910');
INSERT INTO `django_session` VALUES ('lrfxdri8rcm5vjj35upqhoqub2v586jv', '.eJxVjDsOwjAQBe_iGln-26Gkzxms9e4aB1Ai5VMh7k4ipYD2zcx7iwzb2vK28JwHEldhlbj8jgXwyeNB6AHjfZI4jes8FHko8qSL7Cfi1-10_w4aLG2vtfOxIAdGZh3YJIs1BU8a0VuTSnVK164LkKIPNgIQ7T45Bd4U5VB8vhsjOJM:1q4bNL:vaMTSsIPNFXlmYEElWc9_W6ew7cDKwncUu1lynvsEyo', '2023-06-15 14:01:31.350055');
INSERT INTO `django_session` VALUES ('lryvfwsbqilwzcn584rhdqzdsrulrm1j', '.eJxVjDsOwjAQBe_iGln-26Gkzxms9e4aB1Ai5VMh7k4ipYD2zcx7iwzb2vK28JwHEldhlbj8jgXwyeNB6AHjfZI4jes8FHko8qSL7Cfi1-10_w4aLG2vtfOxIAdGZh3YJIs1BU8a0VuTSnVK164LkKIPNgIQ7T45Bd4U5VB8vhsjOJM:1pxjmB:G1WB_8fioMpx5jGE-cagOVqE3uKWYcEYXPXffQuYq0I', '2023-05-27 15:34:47.263416');
INSERT INTO `django_session` VALUES ('lt9p5j04adlaljwsayqup3ae6poouwu3', '.eJxVjDsOwjAQBe_iGln-26Gkzxms9e4aB1Ai5VMh7k4ipYD2zcx7iwzb2vK28JwHEldhlbj8jgXwyeNB6AHjfZI4jes8FHko8qSL7Cfi1-10_w4aLG2vtfOxIAdGZh3YJIs1BU8a0VuTSnVK164LkKIPNgIQ7T45Bd4U5VB8vhsjOJM:1pvbWK:NUgmflihwg-gz0Kcsf7OnTaa_wzoo-vZBf7560_h69Q', '2023-05-21 18:21:36.681776');
INSERT INTO `django_session` VALUES ('lwmh29qdnzx93y9c3svlvv103w8dhyg3', '.eJxVjDsOwjAQBe_iGln-26Gkzxms9e4aB1Ai5VMh7k4ipYD2zcx7iwzb2vK28JwHEldhlbj8jgXwyeNB6AHjfZI4jes8FHko8qSL7Cfi1-10_w4aLG2vtfOxIAdGZh3YJIs1BU8a0VuTSnVK164LkKIPNgIQ7T45Bd4U5VB8vhsjOJM:1q4eo3:YrvdrhUampal4E_VFtQ38bBuWD11kAsosdik5i7Su1M', '2023-06-15 17:41:19.703464');
INSERT INTO `django_session` VALUES ('m1bvrsn5nyja6k5vri27bdtnuxackufz', '.eJxVjDsOwjAQBe_iGln-26Gkzxms9e4aB1Ai5VMh7k4ipYD2zcx7iwzb2vK28JwHEldhlbj8jgXwyeNB6AHjfZI4jes8FHko8qSL7Cfi1-10_w4aLG2vtfOxIAdGZh3YJIs1BU8a0VuTSnVK164LkKIPNgIQ7T45Bd4U5VB8vhsjOJM:1qAoWv:7HcKhQSrK1ojwt-XzfMDBAczd9BVNXWbUka1uIFGYb8', '2023-07-02 17:17:05.683775');
INSERT INTO `django_session` VALUES ('m4b0po67l0dz2xli6gh6qtdu3iy6y2as', '.eJxVjMEOwiAQBf-FsyGFwsJ69O43EGBBqgaS0p6M_64kPej1zcx7Mef3rbi9p9UtxM5MKnb6HYOPj1QHobuvt8Zjq9u6BD4UftDOr43S83K4fwfF9_Ktk5kCQjZAeQKNIMioKDXSrK0AtDoqJWPOFDJYiyLbmQJIgwhhcPb-APTIN1o:1pSqFV:Etu4ZhL4ey30LqyH_TLUsDCNp3ghjuYhNlJBnmU-i9k', '2023-03-03 10:13:21.226463');
INSERT INTO `django_session` VALUES ('m5jfxqdzxjjd8k8uq6yb50zrj0knaz08', '.eJxVjDsOwjAQBe_iGln-26Gkzxms9e4aB1Ai5VMh7k4ipYD2zcx7iwzb2vK28JwHEldhlbj8jgXwyeNB6AHjfZI4jes8FHko8qSL7Cfi1-10_w4aLG2vtfOxIAdGZh3YJIs1BU8a0VuTSnVK164LkKIPNgIQ7T45Bd4U5VB8vhsjOJM:1q8VL8:cD_L35oaT8iCRcwp-5ZmWaMqVvyUoacS1JrwfaeAWHc', '2023-06-26 08:23:22.090263');
INSERT INTO `django_session` VALUES ('m5unwi5ss10ibdjtsx24cj9p7pn6v7u4', '.eJxVjDsOwjAQBe_iGln-26Gkzxms9e4aB1Ai5VMh7k4ipYD2zcx7iwzb2vK28JwHEldhlbj8jgXwyeNB6AHjfZI4jes8FHko8qSL7Cfi1-10_w4aLG2vtfOxIAdGZh3YJIs1BU8a0VuTSnVK164LkKIPNgIQ7T45Bd4U5VB8vhsjOJM:1ppUw1:rX4zF8HeH4FD_OuMUVIjg3-KjORhJoPZYHtNLLEpGKc', '2023-05-04 22:06:53.316584');
INSERT INTO `django_session` VALUES ('m6grdq5h2bkipff21w1gzjljuu3p6m6t', '.eJxVjDsOwjAQBe_iGln-26Gkzxms9e4aB1Ai5VMh7k4ipYD2zcx7iwzb2vK28JwHEldhlbj8jgXwyeNB6AHjfZI4jes8FHko8qSL7Cfi1-10_w4aLG2vtfOxIAdGZh3YJIs1BU8a0VuTSnVK164LkKIPNgIQ7T45Bd4U5VB8vhsjOJM:1paWZp:NfZ1gV1vcsz9n-6igDdTJQi0_vuY6ZJawNVW-y8sHkM', '2023-03-24 14:50:05.881627');
INSERT INTO `django_session` VALUES ('m9nz4o29fj5g7c7xd08srni7s1oaqs0n', '.eJxVjDsOwjAQBe_iGln-26Gkzxms9e4aB1Ai5VMh7k4ipYD2zcx7iwzb2vK28JwHEldhlbj8jgXwyeNB6AHjfZI4jes8FHko8qSL7Cfi1-10_w4aLG2vtfOxIAdGZh3YJIs1BU8a0VuTSnVK164LkKIPNgIQ7T45Bd4U5VB8vhsjOJM:1pnucL:0L-BcammhNglDcyI2ydlz5djeTpik_zOhL2Tjo7t2-w', '2023-04-30 13:08:01.174518');
INSERT INTO `django_session` VALUES ('mbbx2sw8cjj1e8gbxi0i3hn9cvyvlvth', '.eJxVjDsOwjAQBe_iGln-26Gkzxms9e4aB1Ai5VMh7k4ipYD2zcx7iwzb2vK28JwHEldhlbj8jgXwyeNB6AHjfZI4jes8FHko8qSL7Cfi1-10_w4aLG2vtfOxIAdGZh3YJIs1BU8a0VuTSnVK164LkKIPNgIQ7T45Bd4U5VB8vhsjOJM:1pxiim:WeS1xlIaiLKM7nf32rpZNEjCv2qGdyFjkihcfaueEqY', '2023-05-27 14:27:12.445021');
INSERT INTO `django_session` VALUES ('me21rq5zk187y49muuvlai3zsh3aj4vk', '.eJxVjDsOwjAQBe_iGln-26Gkzxms9e4aB1Ai5VMh7k4ipYD2zcx7iwzb2vK28JwHEldhlbj8jgXwyeNB6AHjfZI4jes8FHko8qSL7Cfi1-10_w4aLG2vtfOxIAdGZh3YJIs1BU8a0VuTSnVK164LkKIPNgIQ7T45Bd4U5VB8vhsjOJM:1pbyaT:k-9Ukt4IIe9S49Qe1ZygkcsP1VxT3KsQsWou6TvjJ0Y', '2023-03-28 14:56:45.988684');
INSERT INTO `django_session` VALUES ('mh9zyr3t7i52ko0sejaircjcxuyuvzki', '.eJxVjDsOwjAQBe_iGln-26Gkzxms9e4aB1Ai5VMh7k4ipYD2zcx7iwzb2vK28JwHEldhlbj8jgXwyeNB6AHjfZI4jes8FHko8qSL7Cfi1-10_w4aLG2vtfOxIAdGZh3YJIs1BU8a0VuTSnVK164LkKIPNgIQ7T45Bd4U5VB8vhsjOJM:1peoo8:_kKG_1RpxJ4vf1WJmE8uKU1xLrf13jWtNQcDaL8TLqU', '2023-04-05 11:06:36.317211');
INSERT INTO `django_session` VALUES ('mk78q4vvjrl2pdnz58utqw73pkuv9wi0', '.eJxVjDsOwjAQBe_iGln-26Gkzxms9e4aB1Ai5VMh7k4ipYD2zcx7iwzb2vK28JwHEldhlbj8jgXwyeNB6AHjfZI4jes8FHko8qSL7Cfi1-10_w4aLG2vtfOxIAdGZh3YJIs1BU8a0VuTSnVK164LkKIPNgIQ7T45Bd4U5VB8vhsjOJM:1qBt1L:BtDZUjWF4mUNS1B8nhYT1zFnTt3eJxWCoquPdIbrOQI', '2023-07-05 16:16:55.660166');
INSERT INTO `django_session` VALUES ('mwilz8o4phxydn84anejrl4yh3kfxlkp', '.eJxVjDsOwjAQBe_iGln-26Gkzxms9e4aB1Ai5VMh7k4ipYD2zcx7iwzb2vK28JwHEldhlbj8jgXwyeNB6AHjfZI4jes8FHko8qSL7Cfi1-10_w4aLG2vtfOxIAdGZh3YJIs1BU8a0VuTSnVK164LkKIPNgIQ7T45Bd4U5VB8vhsjOJM:1q820O:iiBXSwFyvOCoHEdxlkIFQbNnfGL_S7PSL7hfVwUncXA', '2023-06-25 01:04:00.405035');
INSERT INTO `django_session` VALUES ('n84r89ysb46mth0bij38kr0r8kuiiezs', '.eJxVjDsOwjAQBe_iGln-26Gkzxms9e4aB1Ai5VMh7k4ipYD2zcx7iwzb2vK28JwHEldhlbj8jgXwyeNB6AHjfZI4jes8FHko8qSL7Cfi1-10_w4aLG2vtfOxIAdGZh3YJIs1BU8a0VuTSnVK164LkKIPNgIQ7T45Bd4U5VB8vhsjOJM:1pxlMy:Hc-8nMh6a0OhO5cGO6YioJpc1QRs70wu7yCxVakMiRk', '2023-05-27 17:16:52.651865');
INSERT INTO `django_session` VALUES ('n9l0mmf4me57d16q9oxpqc0hl30c4vgw', '.eJxVjDsOwjAQBe_iGln-26Gkzxms9e4aB1Ai5VMh7k4ipYD2zcx7iwzb2vK28JwHEldhlbj8jgXwyeNB6AHjfZI4jes8FHko8qSL7Cfi1-10_w4aLG2vtfOxIAdGZh3YJIs1BU8a0VuTSnVK164LkKIPNgIQ7T45Bd4U5VB8vhsjOJM:1pkNy0:rf3L_pWL-IXFIeHi7EG9xVi4vaotkAUGK8CX5JzhW4g', '2023-04-20 19:39:48.560308');
INSERT INTO `django_session` VALUES ('nf4r98gedr9tg17z3u5s8on9aq4lnwwx', '.eJxVjDsOwjAQBe_iGln-26Gkzxms9e4aB1Ai5VMh7k4ipYD2zcx7iwzb2vK28JwHEldhlbj8jgXwyeNB6AHjfZI4jes8FHko8qSL7Cfi1-10_w4aLG2vtfOxIAdGZh3YJIs1BU8a0VuTSnVK164LkKIPNgIQ7T45Bd4U5VB8vhsjOJM:1q5z1e:Fpm29yPXaWpx00OelY-VbLIB__6OLSUc6NZxxIQ0Ybg', '2023-06-19 09:28:50.344189');
INSERT INTO `django_session` VALUES ('nhsaq0vsa7q9wwzjo4sgnzkiw0nhmyik', '.eJxVjDsOwjAQBe_iGln-26Gkzxms9e4aB1Ai5VMh7k4ipYD2zcx7iwzb2vK28JwHEldhlbj8jgXwyeNB6AHjfZI4jes8FHko8qSL7Cfi1-10_w4aLG2vtfOxIAdGZh3YJIs1BU8a0VuTSnVK164LkKIPNgIQ7T45Bd4U5VB8vhsjOJM:1qCkNx:5mv-7bF5cCy9cuHmNft8wzy2nddAOWKhf9vc3jY5-dM', '2023-07-08 01:15:49.385412');
INSERT INTO `django_session` VALUES ('ni3ib2ew2e87bkoyrtqsppay4p3it58z', '.eJxVjDsOwjAQBe_iGln-26Gkzxms9e4aB1Ai5VMh7k4ipYD2zcx7iwzb2vK28JwHEldhlbj8jgXwyeNB6AHjfZI4jes8FHko8qSL7Cfi1-10_w4aLG2vtfOxIAdGZh3YJIs1BU8a0VuTSnVK164LkKIPNgIQ7T45Bd4U5VB8vhsjOJM:1pcdXm:_vs2tyZujio3q_IKmtAOc71fOewYfaKWQFPqsIB9B04', '2023-03-30 10:40:42.938163');
INSERT INTO `django_session` VALUES ('njvturzeh59tdy68ceymov5uf9v96kc7', '.eJxVjDsOwjAQBe_iGln-26Gkzxms9e4aB1Ai5VMh7k4ipYD2zcx7iwzb2vK28JwHEldhlbj8jgXwyeNB6AHjfZI4jes8FHko8qSL7Cfi1-10_w4aLG2vtfOxIAdGZh3YJIs1BU8a0VuTSnVK164LkKIPNgIQ7T45Bd4U5VB8vhsjOJM:1q2Vrj:lgnY0MgYH41wWNqVhNuJ0JhK7GoRenwB-iTfJwJTSBE', '2023-06-09 19:44:15.524944');
INSERT INTO `django_session` VALUES ('nt7dqx5hk1pwb3z5jpj89fzakbl3g0zb', '.eJxVjMEOwiAQRP-FsyFAdyt49O43kIXdStXQpLQn47_bJj3obTLvzbxVpHUpcW0yx5HVRbmgTr9lovyUuhN-UL1POk91mcekd0UftOnbxPK6Hu7fQaFWtnXy3DsyxMGAZEOUQ2AUcAAeLaMbgAa0aK10NruO-i2SR38GzBiS-nwBDy03mg:1pYPxf:dmTULy9hZp2Cc1936jdP4JF_ZXpznpU0pdpOV_KHMPE', '2023-03-18 19:21:59.259350');
INSERT INTO `django_session` VALUES ('o2fjati4a5ua2jy7epdobd7y64onsg10', '.eJxVjDsOwjAQBe_iGln-26Gkzxms9e4aB1Ai5VMh7k4ipYD2zcx7iwzb2vK28JwHEldhlbj8jgXwyeNB6AHjfZI4jes8FHko8qSL7Cfi1-10_w4aLG2vtfOxIAdGZh3YJIs1BU8a0VuTSnVK164LkKIPNgIQ7T45Bd4U5VB8vhsjOJM:1pyQth:Na9TXJ1v-k8LokwBBc6Kx0Aa1NjY0rqk1_bpONNcydw', '2023-05-29 13:37:25.695319');
INSERT INTO `django_session` VALUES ('o32l53zs7sbh4uev7vi84765gf4cuznr', '.eJxVjDsOwjAQBe_iGln-26Gkzxms9e4aB1Ai5VMh7k4ipYD2zcx7iwzb2vK28JwHEldhlbj8jgXwyeNB6AHjfZI4jes8FHko8qSL7Cfi1-10_w4aLG2vtfOxIAdGZh3YJIs1BU8a0VuTSnVK164LkKIPNgIQ7T45Bd4U5VB8vhsjOJM:1pgnxD:vuwLs-te4oZQC05vmArCMmuvzgxGshPb9i8BepIYhrA', '2023-04-10 22:36:11.656883');
INSERT INTO `django_session` VALUES ('o81atl92r52r43jgv963dij6w0wt9f4y', '.eJxVjDEOwjAMRe-SGUU4Ud2UkZ0zRHbskAJKpaadKu4OlTrA-t97fzOR1qXEtekcRzEX44M5_Y5M6al1J_Kgep9smuoyj2x3xR602dsk-roe7t9BoVa-NYEmj11mdKAiAoKZGTUHr4OeMQU_OHRe2RH3HWBCCgA-kEju0Zn3BzWeOMs:1pvXYK:JevgTHb8npjaxxNpi4KlZNYgyEGfwjvTzFvVJ-1h4LE', '2023-05-21 14:07:24.118157');
INSERT INTO `django_session` VALUES ('oajkz4jvaqocu8mpcudqaf1m5gtnen59', '.eJxVjDsOwjAQBe_iGln-26Gkzxms9e4aB1Ai5VMh7k4ipYD2zcx7iwzb2vK28JwHEldhlbj8jgXwyeNB6AHjfZI4jes8FHko8qSL7Cfi1-10_w4aLG2vtfOxIAdGZh3YJIs1BU8a0VuTSnVK164LkKIPNgIQ7T45Bd4U5VB8vhsjOJM:1qGXM3:ZEgs4rmKoLZrjnE3aGVDXg3Gqr6B2bfvjyemkFbZTpI', '2023-07-18 12:09:31.700669');
INSERT INTO `django_session` VALUES ('oalsvgp0szressjpgfku6k3ciajnnujl', '.eJxVjDsOwjAQBe_iGln-26Gkzxms9e4aB1Ai5VMh7k4ipYD2zcx7iwzb2vK28JwHEldhlbj8jgXwyeNB6AHjfZI4jes8FHko8qSL7Cfi1-10_w4aLG2vtfOxIAdGZh3YJIs1BU8a0VuTSnVK164LkKIPNgIQ7T45Bd4U5VB8vhsjOJM:1pvDPr:Czw8NyKlTMI6ohNgcbyw4AOjmWymxmGcuw0xG5NHQ_U', '2023-05-20 16:37:19.261784');
INSERT INTO `django_session` VALUES ('obp8pi6vjb1ke32cfiwn7d60w4zuujob', '.eJxVjDsOwjAQBe_iGln-26Gkzxms9e4aB1Ai5VMh7k4ipYD2zcx7iwzb2vK28JwHEldhlbj8jgXwyeNB6AHjfZI4jes8FHko8qSL7Cfi1-10_w4aLG2vtfOxIAdGZh3YJIs1BU8a0VuTSnVK164LkKIPNgIQ7T45Bd4U5VB8vhsjOJM:1pm5gr:U2A3u-sz1hqPX6m61wfb88VspvePlH6LG6WC5itVABU', '2023-04-25 12:33:09.536663');
INSERT INTO `django_session` VALUES ('od0zk08m8591iv4v97mxcnpc0wko9msk', '.eJxVjDsOwjAQBe_iGln-26Gkzxms9e4aB1Ai5VMh7k4ipYD2zcx7iwzb2vK28JwHEldhlbj8jgXwyeNB6AHjfZI4jes8FHko8qSL7Cfi1-10_w4aLG2vtfOxIAdGZh3YJIs1BU8a0VuTSnVK164LkKIPNgIQ7T45Bd4U5VB8vhsjOJM:1q6Vqd:ncfQuV9pfhBuD_v2ywatXgAYgcgQfe6FJfi63DmLBGM', '2023-06-20 20:31:39.205746');
INSERT INTO `django_session` VALUES ('ohduz07tqkkxefmuka127i5doj3u3ji1', '.eJxVjDsOwjAQBe_iGln-26Gkzxms9e4aB1Ai5VMh7k4ipYD2zcx7iwzb2vK28JwHEldhlbj8jgXwyeNB6AHjfZI4jes8FHko8qSL7Cfi1-10_w4aLG2vtfOxIAdGZh3YJIs1BU8a0VuTSnVK164LkKIPNgIQ7T45Bd4U5VB8vhsjOJM:1pvIby:mXw0njkjDtMmxygj5N7TfrRZUjRA3amnDzryKR9Yg7Q', '2023-05-20 22:10:10.679073');
INSERT INTO `django_session` VALUES ('ojb8366s6zeypk200rbaem86ww12ygzp', '.eJxVjDsOwjAQBe_iGln-26Gkzxms9e4aB1Ai5VMh7k4ipYD2zcx7iwzb2vK28JwHEldhlbj8jgXwyeNB6AHjfZI4jes8FHko8qSL7Cfi1-10_w4aLG2vtfOxIAdGZh3YJIs1BU8a0VuTSnVK164LkKIPNgIQ7T45Bd4U5VB8vhsjOJM:1qB3qO:_CXNhPllE14E0WtzehAKYCo3rbrC7-yfCfpY9thnfw4', '2023-07-03 09:38:12.671578');
INSERT INTO `django_session` VALUES ('oos0vljgxhtwesl0c3laj0hxbp7vfh7g', '.eJxVjDsOwjAQBe_iGln-26Gkzxms9e4aB1Ai5VMh7k4ipYD2zcx7iwzb2vK28JwHEldhlbj8jgXwyeNB6AHjfZI4jes8FHko8qSL7Cfi1-10_w4aLG2vtfOxIAdGZh3YJIs1BU8a0VuTSnVK164LkKIPNgIQ7T45Bd4U5VB8vhsjOJM:1pnvwq:icvJt0khzW9yXiFRzAO1EMPKOzc9SXbA8f3Vs8h2LsM', '2023-04-30 14:33:16.724511');
INSERT INTO `django_session` VALUES ('orxf80jmg35oqu7t5mhr3trzzuwavvdl', '.eJxVjDsOwjAQBe_iGln-YceU9DmDtbte4wBypDipEHeHSCmgfTPzXiLBtta0dV7SlMVFaHH63RDowW0H-Q7tNkua27pMKHdFHrTLcc78vB7u30GFXr91ccURg7KRvAEXATCcNYLP3gSiwYaivTdFDcSorI-6YNBsXdZAkYJ4fwD6UDhc:1p3UAT:M4IPTfJpfEaZqR-4MkUZczA3WI0JKpdPla_vpCrLsMQ', '2022-12-23 11:35:21.714716');
INSERT INTO `django_session` VALUES ('osntq8ybkhnjhqlw0qddocrloejx6dn6', '.eJxVjDsOwjAQBe_iGln-26Gkzxms9e4aB1Ai5VMh7k4ipYD2zcx7iwzb2vK28JwHEldhlbj8jgXwyeNB6AHjfZI4jes8FHko8qSL7Cfi1-10_w4aLG2vtfOxIAdGZh3YJIs1BU8a0VuTSnVK164LkKIPNgIQ7T45Bd4U5VB8vhsjOJM:1peyha:YLwb3UBmNYxbpsP4QK2ARshO3AMYq8Ys8pJURcqfORY', '2023-04-05 21:40:30.783299');
INSERT INTO `django_session` VALUES ('ow2muw5e5qpqjr8jww47i7c81eov3f0l', '.eJxVjDsOwjAQBe_iGln-26Gkzxms9e4aB1Ai5VMh7k4ipYD2zcx7iwzb2vK28JwHEldhlbj8jgXwyeNB6AHjfZI4jes8FHko8qSL7Cfi1-10_w4aLG2vtfOxIAdGZh3YJIs1BU8a0VuTSnVK164LkKIPNgIQ7T45Bd4U5VB8vhsjOJM:1pmDAv:WjAfaAu0FqAuouPbJ1BF2DOHwMWf5kHQqSfx4cdHXU0', '2023-04-25 20:32:41.761131');
INSERT INTO `django_session` VALUES ('p3ybnz5rotglosaxuvxyr7ejbw1azp2j', '.eJxVjDsOwjAQBe_iGln-26Gkzxms9e4aB1Ai5VMh7k4ipYD2zcx7iwzb2vK28JwHEldhlbj8jgXwyeNB6AHjfZI4jes8FHko8qSL7Cfi1-10_w4aLG2vtfOxIAdGZh3YJIs1BU8a0VuTSnVK164LkKIPNgIQ7T45Bd4U5VB8vhsjOJM:1pvzth:LGqph79l-l99W0tSrfjEw81JOzxcCMFmRFHEwowTpGI', '2023-05-22 20:23:21.860504');
INSERT INTO `django_session` VALUES ('plby6rezr0hhc76ewvtppyzi5hn34yti', '.eJxVjDsOwjAQBe_iGln-26Gkzxms9e4aB1Ai5VMh7k4ipYD2zcx7iwzb2vK28JwHEldhlbj8jgXwyeNB6AHjfZI4jes8FHko8qSL7Cfi1-10_w4aLG2vtfOxIAdGZh3YJIs1BU8a0VuTSnVK164LkKIPNgIQ7T45Bd4U5VB8vhsjOJM:1pk4vG:nywY0n1hFL4Ho8c-6H1fJVxZOGiBtU9gXVhNk3sT8Gs', '2023-04-19 23:19:42.871048');
INSERT INTO `django_session` VALUES ('pnp7yeqmldvn405vzgfyo8ka2ih9b52r', '.eJxVjDsOwjAQBe_iGln-26Gkzxms9e4aB1Ai5VMh7k4ipYD2zcx7iwzb2vK28JwHEldhlbj8jgXwyeNB6AHjfZI4jes8FHko8qSL7Cfi1-10_w4aLG2vtfOxIAdGZh3YJIs1BU8a0VuTSnVK164LkKIPNgIQ7T45Bd4U5VB8vhsjOJM:1psj6m:iyulGvMjOZfkdVmW15bV4DQE4g6LQ5J7U0cDm7vvHR8', '2023-05-13 19:51:20.779311');
INSERT INTO `django_session` VALUES ('poty4sseqfbs98lrzuzejplnja834x7p', '.eJxVjEEOgjAQRe_StWnaoVOKS_ecoZlOO4IaSCisjHcXEha6_e_991aRtnWIWy1LHLO6KmzV5XdMxM8yHSQ_aLrPmudpXcakD0WftOp-zuV1O92_wEB12N9E7EkaSbmB4gwDgnXeIbYInAt1njpjbJeCFWtkDyM4kiCGkYOA-nwBHbw4gw:1tvHrC:vXLOBgcyv0n8XBapA8vmdicAKIud2NqpTovamyVZggo', '2025-04-03 23:30:54.763978');
INSERT INTO `django_session` VALUES ('prow55xog80ujcvm5z48wgelmrb5hbkr', '.eJxVjDsOwjAQBe_iGln-26Gkzxms9e4aB1Ai5VMh7k4ipYD2zcx7iwzb2vK28JwHEldhlbj8jgXwyeNB6AHjfZI4jes8FHko8qSL7Cfi1-10_w4aLG2vtfOxIAdGZh3YJIs1BU8a0VuTSnVK164LkKIPNgIQ7T45Bd4U5VB8vhsjOJM:1qAsC7:QNXsKM25r4PHIs2EU2RjF7lcGRaNPKf7UUMCLMcEPAw', '2023-07-02 21:11:51.025796');
INSERT INTO `django_session` VALUES ('puezz7tvo31xo3tqlynianqbt5f20g6i', '.eJxVjDsOwjAQBe_iGln-26Gkzxms9e4aB1Ai5VMh7k4ipYD2zcx7iwzb2vK28JwHEldhlbj8jgXwyeNB6AHjfZI4jes8FHko8qSL7Cfi1-10_w4aLG2vtfOxIAdGZh3YJIs1BU8a0VuTSnVK164LkKIPNgIQ7T45Bd4U5VB8vhsjOJM:1pi5lv:a_ary8QX9-eI2CCpf2uuAFThbLTiqn9lvo_X5VnpTRM', '2023-04-14 11:49:51.782541');
INSERT INTO `django_session` VALUES ('pvkarwr3d10v3j4pohp7cigfmtxxgdqk', '.eJxVjDsOwjAQBe_iGln-26Gkzxms9e4aB1Ai5VMh7k4ipYD2zcx7iwzb2vK28JwHEldhlbj8jgXwyeNB6AHjfZI4jes8FHko8qSL7Cfi1-10_w4aLG2vtfOxIAdGZh3YJIs1BU8a0VuTSnVK164LkKIPNgIQ7T45Bd4U5VB8vhsjOJM:1prIJ7:9GlUM4Sb03UzAFP2F4Sf-eWI0dPuOYvUEdXD1ld5DcA', '2023-05-09 21:02:09.593882');
INSERT INTO `django_session` VALUES ('pwuj3q4y0sgj0ya2qwwkxp9tvtk9nvr2', '.eJxVjDsOwjAQBe_iGln-26Gkzxms9e4aB1Ai5VMh7k4ipYD2zcx7iwzb2vK28JwHEldhlbj8jgXwyeNB6AHjfZI4jes8FHko8qSL7Cfi1-10_w4aLG2vtfOxIAdGZh3YJIs1BU8a0VuTSnVK164LkKIPNgIQ7T45Bd4U5VB8vhsjOJM:1pwPPA:v5iy79s_lzIXSR7S6Xe_lUL-aSgT_G7xR-ZKk--iZpQ', '2023-05-23 23:37:32.842624');
INSERT INTO `django_session` VALUES ('pz98y443ew2oxj75b0aucnzsdbq26109', '.eJxVjDsOwjAQBe_iGln-YceU9DmDtbte4wBypDipEHeHSCmgfTPzXiLBtta0dV7SlMVFaHH63RDowW0H-Q7tNkua27pMKHdFHrTLcc78vB7u30GFXr91ccURg7KRvAEXATCcNYLP3gSiwYaivTdFDcSorI-6YNBsXdZAkYJ4fwD6UDhc:1p3GqT:YzrHyHWqWkQYL01lOSKIic6ZlerTB2Bwc4akjcC08k8', '2022-12-22 21:21:49.287834');
INSERT INTO `django_session` VALUES ('q1t4hh6035nfh4u0lof537y4zco98hb5', '.eJxVjDsOwyAQBe9CHSG-NqRM7zMgFnaDkwgkY1dR7h5bcpG0b2bem4W4rSVsHZcwZ3Zlnl1-N4jpifUA-RHrvfHU6rrMwA-Fn7TzqWV83U7376DEXvaaolaWBpI6JgXWklCDAdDo7KicliCAFJBGqRVB9l5Ia6zZIxwRnGOfL-hhN54:1pDmfD:U9vHeH6r78razv0IUWxuOqI6ZyXjP4OYfGfk0TM6VfQ', '2023-01-20 21:21:39.884117');
INSERT INTO `django_session` VALUES ('q262ytonafepty2vsbjfpnodv70o4ock', '.eJxVjDsOwjAQBe_iGln-26Gkzxms9e4aB1Ai5VMh7k4ipYD2zcx7iwzb2vK28JwHEldhlbj8jgXwyeNB6AHjfZI4jes8FHko8qSL7Cfi1-10_w4aLG2vtfOxIAdGZh3YJIs1BU8a0VuTSnVK164LkKIPNgIQ7T45Bd4U5VB8vhsjOJM:1pvwBI:xG_4De2CYFWkFibK1wP1umCBgZ13AfQGRhNXjKVhsiI', '2023-05-22 16:25:16.655991');
INSERT INTO `django_session` VALUES ('q4dtcnqbpfajxv6yzarbjkelqo4viqm8', '.eJxVjDsOwjAQBe_iGln-26Gkzxms9e4aB1Ai5VMh7k4ipYD2zcx7iwzb2vK28JwHEldhlbj8jgXwyeNB6AHjfZI4jes8FHko8qSL7Cfi1-10_w4aLG2vtfOxIAdGZh3YJIs1BU8a0VuTSnVK164LkKIPNgIQ7T45Bd4U5VB8vhsjOJM:1q4Fij:TUDUONnjxn2UMN9dIbgiu_tLlHMH0ZZwCAPUlCPqauE', '2023-06-14 14:54:09.306949');
INSERT INTO `django_session` VALUES ('q7k5droljk7ddlu9a8bx7fwoecw842pd', '.eJxVjDsOwjAQBe_iGln-26Gkzxms9e4aB1Ai5VMh7k4ipYD2zcx7iwzb2vK28JwHEldhlbj8jgXwyeNB6AHjfZI4jes8FHko8qSL7Cfi1-10_w4aLG2vtfOxIAdGZh3YJIs1BU8a0VuTSnVK164LkKIPNgIQ7T45Bd4U5VB8vhsjOJM:1pjg6d:F_oqjcLpf5mfqgfBnKF2zdQ77Wp_1AKqjzBzxZEOVRk', '2023-04-18 20:49:47.360383');
INSERT INTO `django_session` VALUES ('q9r90kart9x7zsd9dzpgovtjwnfv8oeq', '.eJxVjDsOwjAQBe_iGln-26Gkzxms9e4aB1Ai5VMh7k4ipYD2zcx7iwzb2vK28JwHEldhlbj8jgXwyeNB6AHjfZI4jes8FHko8qSL7Cfi1-10_w4aLG2vtfOxIAdGZh3YJIs1BU8a0VuTSnVK164LkKIPNgIQ7T45Bd4U5VB8vhsjOJM:1pm6YL:uxaQ1ev9GD0HZE3czq0Mb04dV6Y7Lw_uKhzU-dxEbjs', '2023-04-25 13:28:25.555469');
INSERT INTO `django_session` VALUES ('qclpstbxl3zyvr143trma9cg3ihtvy4p', '.eJxVjDsOwjAQBe_iGln-26Gkzxms9e4aB1Ai5VMh7k4ipYD2zcx7iwzb2vK28JwHEldhlbj8jgXwyeNB6AHjfZI4jes8FHko8qSL7Cfi1-10_w4aLG2vtfOxIAdGZh3YJIs1BU8a0VuTSnVK164LkKIPNgIQ7T45Bd4U5VB8vhsjOJM:1pgNI3:1Yu893PROhyv7j7CZxHsdrkDvBC5zayIDwtIlzIIPrk', '2023-04-09 18:07:55.725347');
INSERT INTO `django_session` VALUES ('qfl8iw1tp873p2zzhhttko5cc9vok7tm', '.eJxVjDsOwjAQBe_iGln-26Gkzxms9e4aB1Ai5VMh7k4ipYD2zcx7iwzb2vK28JwHEldhlbj8jgXwyeNB6AHjfZI4jes8FHko8qSL7Cfi1-10_w4aLG2vtfOxIAdGZh3YJIs1BU8a0VuTSnVK164LkKIPNgIQ7T45Bd4U5VB8vhsjOJM:1poxgy:HiDmn7r637pB_qC_wXGGTSA5MVqlV_O5yBnNiN6wF-A', '2023-05-03 10:37:08.250756');
INSERT INTO `django_session` VALUES ('qg770nqklpioyxc0vl5sv8xg2xkb81hc', '.eJxVjDsOwjAQBe_iGln-26Gkzxms9e4aB1Ai5VMh7k4ipYD2zcx7iwzb2vK28JwHEldhlbj8jgXwyeNB6AHjfZI4jes8FHko8qSL7Cfi1-10_w4aLG2vtfOxIAdGZh3YJIs1BU8a0VuTSnVK164LkKIPNgIQ7T45Bd4U5VB8vhsjOJM:1pllGg:oQfr-uzKtK5E2fQLA7C6lZLLVW4d-huDcQnkRNqYia8', '2023-04-24 14:44:46.070727');
INSERT INTO `django_session` VALUES ('qhohgmqqrehi9y1zrjhmffs8yqddmcii', '.eJxVjMsOwiAQRf-FtSE8ykBcuvcbCDMDUjWQlHZl_Hdt0oVu7znnvkRM21rjNvISZxZnEcTpd8NEj9x2wPfUbl1Sb-syo9wVedAhr53z83K4fwc1jfqtiwHWQF5ZQF1As0uJLUHhjMqBU84ZHRA9TsqQzzZoC5NlIlaeUYv3B-hFN-s:1pA0Xj:QjrnFtDh20Q84SMTBk0cbyMzIcXiqDanvMrt_XKk2Eo', '2023-01-10 11:22:19.117434');
INSERT INTO `django_session` VALUES ('qmnsgfrzmh6y3tsqsdsqlqmfh1ew6fk1', '.eJxVjDsOwjAQBe_iGln-26Gkzxms9e4aB1Ai5VMh7k4ipYD2zcx7iwzb2vK28JwHEldhlbj8jgXwyeNB6AHjfZI4jes8FHko8qSL7Cfi1-10_w4aLG2vtfOxIAdGZh3YJIs1BU8a0VuTSnVK164LkKIPNgIQ7T45Bd4U5VB8vhsjOJM:1pa68P:w206ytGNgrKInjJgUIBENvLMi6v727Iv8oMs0noHdvM', '2023-03-23 10:36:01.685659');
INSERT INTO `django_session` VALUES ('qossdmy4c4au1934ghim69s2scce4a37', '.eJxVjDsOwjAQBe_iGln-26Gkzxms9e4aB1Ai5VMh7k4ipYD2zcx7iwzb2vK28JwHEldhlbj8jgXwyeNB6AHjfZI4jes8FHko8qSL7Cfi1-10_w4aLG2vtfOxIAdGZh3YJIs1BU8a0VuTSnVK164LkKIPNgIQ7T45Bd4U5VB8vhsjOJM:1pfEQ9:ozJS7ohz2iSRcfPcBxi_9H4eEe_uo7GTSIZFlO2hLqs', '2023-04-06 14:27:33.415852');
INSERT INTO `django_session` VALUES ('qrza1a9pqx1antrhhkywcddt89zx4w7m', '.eJxVjDsOwjAQBe_iGln-26Gkzxms9e4aB1Ai5VMh7k4ipYD2zcx7iwzb2vK28JwHEldhlbj8jgXwyeNB6AHjfZI4jes8FHko8qSL7Cfi1-10_w4aLG2vtfOxIAdGZh3YJIs1BU8a0VuTSnVK164LkKIPNgIQ7T45Bd4U5VB8vhsjOJM:1po1fn:vUm_6E9UwFbArWa5LmLooBqTLRIyltEAZuks55wwk-M', '2023-04-30 20:40:03.460460');
INSERT INTO `django_session` VALUES ('qso7hdio3ljbc7sy1eyw2j8577bnw6aj', '.eJxVjDsOwjAQBe_iGln-26Gkzxms9e4aB1Ai5VMh7k4ipYD2zcx7iwzb2vK28JwHEldhlbj8jgXwyeNB6AHjfZI4jes8FHko8qSL7Cfi1-10_w4aLG2vtfOxIAdGZh3YJIs1BU8a0VuTSnVK164LkKIPNgIQ7T45Bd4U5VB8vhsjOJM:1q21Lm:kXu1zE8ya6yHMLZ8lR7JQHWCdOVVndtu0J1dLgpiklA', '2023-06-08 11:09:14.989317');
INSERT INTO `django_session` VALUES ('qtbjaz4w31epnnyovm7glpeg2fg66zi5', '.eJxVjDsOwjAQBe_iGln-26Gkzxms9e4aB1Ai5VMh7k4ipYD2zcx7iwzb2vK28JwHEldhlbj8jgXwyeNB6AHjfZI4jes8FHko8qSL7Cfi1-10_w4aLG2vtfOxIAdGZh3YJIs1BU8a0VuTSnVK164LkKIPNgIQ7T45Bd4U5VB8vhsjOJM:1qGCfQ:22b-2M23kBpeb6wH-dq6JKY4kBGO0HFQz1KGx3dTVJg', '2023-07-17 14:04:08.069835');
INSERT INTO `django_session` VALUES ('qw9189dq6m0r4mwomoproe0ff1gjoz92', '.eJxVjDsOwjAQBe_iGln-26Gkzxms9e4aB1Ai5VMh7k4ipYD2zcx7iwzb2vK28JwHEldhlbj8jgXwyeNB6AHjfZI4jes8FHko8qSL7Cfi1-10_w4aLG2vtfOxIAdGZh3YJIs1BU8a0VuTSnVK164LkKIPNgIQ7T45Bd4U5VB8vhsjOJM:1q6hjj:1ZtgH3bUQOcPphtEIfBhyJZjf3uxn_s3dYyWcBUsSSw', '2023-06-21 09:13:19.640756');
INSERT INTO `django_session` VALUES ('qxtx4r5nl936klwddbim1lotpb5l3en9', '.eJxVjDsOwjAQBe_iGln-26Gkzxms9e4aB1Ai5VMh7k4ipYD2zcx7iwzb2vK28JwHEldhlbj8jgXwyeNB6AHjfZI4jes8FHko8qSL7Cfi1-10_w4aLG2vtfOxIAdGZh3YJIs1BU8a0VuTSnVK164LkKIPNgIQ7T45Bd4U5VB8vhsjOJM:1qEgei:iz_R3xkwgKVfWeeeTp85SrT8PRKzB4wQ1_-F258wPdI', '2023-07-13 09:41:08.324962');
INSERT INTO `django_session` VALUES ('r0azlmui76q3kvbhlem2jfe3kbymzrs3', '.eJxVjDsOwjAQBe_iGln-26Gkzxms9e4aB1Ai5VMh7k4ipYD2zcx7iwzb2vK28JwHEldhlbj8jgXwyeNB6AHjfZI4jes8FHko8qSL7Cfi1-10_w4aLG2vtfOxIAdGZh3YJIs1BU8a0VuTSnVK164LkKIPNgIQ7T45Bd4U5VB8vhsjOJM:1pzY6X:NES6ObpJ510acizesk-RcfJVd49YD5sRzec-dRJfgW0', '2023-06-01 15:31:17.153079');
INSERT INTO `django_session` VALUES ('r3q45x5tjxx65gmnwhaacltb4qchgeq8', '.eJxVjDsOwjAQBe_iGln-26Gkzxms9e4aB1Ai5VMh7k4ipYD2zcx7iwzb2vK28JwHEldhlbj8jgXwyeNB6AHjfZI4jes8FHko8qSL7Cfi1-10_w4aLG2vtfOxIAdGZh3YJIs1BU8a0VuTSnVK164LkKIPNgIQ7T45Bd4U5VB8vhsjOJM:1pkz7h:fLpWrnJkR7pJbwZ9gD_vY8GbS9Qd8fN-FZnb2Ebg8W0', '2023-04-22 11:20:17.624341');
INSERT INTO `django_session` VALUES ('r98weclcq9f7h7iqniwhzlo7jb054xfm', '.eJxVjDsOwjAQBe_iGln-26Gkzxms9e4aB1Ai5VMh7k4ipYD2zcx7iwzb2vK28JwHEldhlbj8jgXwyeNB6AHjfZI4jes8FHko8qSL7Cfi1-10_w4aLG2vtfOxIAdGZh3YJIs1BU8a0VuTSnVK164LkKIPNgIQ7T45Bd4U5VB8vhsjOJM:1qFQou:-1IuZC4sqyubI3_7umjagrXpWBkWDMQnMDuaKtn0vIo', '2023-07-15 10:58:44.907484');
INSERT INTO `django_session` VALUES ('ra5pj1akb7dq4hejete6ozs3tnr6aydy', '.eJxVjMEOgkAMRP9lz2ZTd1sWPHrnGzalrYIaSFg4Gf9dSDjobTLvzbxd5nXp81pszoO6iwvu9Nt1LE8bd6APHu-Tl2lc5qHzu-IPWnw7qb2uh_t30HPpt3W6UQUgVUIjBIkIRoosobKIoU4SQh3pDFQjmkFslLeQVAgUoGH3-QK3VTbT:1p43Vn:xCBAI6LtdEFq0_4rxRUhdqyg7M7TMm5azPp6VnwL6pw', '2022-12-25 01:19:43.117453');
INSERT INTO `django_session` VALUES ('rbyfkccqyhb7cr7ybzzzfq0kwu8v22h9', '.eJxVjDsOwjAQBe_iGln-26Gkzxms9e4aB1Ai5VMh7k4ipYD2zcx7iwzb2vK28JwHEldhlbj8jgXwyeNB6AHjfZI4jes8FHko8qSL7Cfi1-10_w4aLG2vtfOxIAdGZh3YJIs1BU8a0VuTSnVK164LkKIPNgIQ7T45Bd4U5VB8vhsjOJM:1pvbUD:x7KL6y6GnepmwpTjJRMPQTAIVBGVv4KH9g9Nt_KNAQc', '2023-05-21 18:19:25.352061');
INSERT INTO `django_session` VALUES ('rdr8htx199zj508owdr7bmbw9xxy5pbp', '.eJxVjDsOwjAQBe_iGln-26Gkzxms9e4aB1Ai5VMh7k4ipYD2zcx7iwzb2vK28JwHEldhlbj8jgXwyeNB6AHjfZI4jes8FHko8qSL7Cfi1-10_w4aLG2vtfOxIAdGZh3YJIs1BU8a0VuTSnVK164LkKIPNgIQ7T45Bd4U5VB8vhsjOJM:1phQJb:oU0nTSY3DxeCIp7cgGieyrh_PPV13y312_RngzTHZf8', '2023-04-12 15:33:51.348353');
INSERT INTO `django_session` VALUES ('rf9tm23kc0qjan5hk2bhhlqs84gxfhy2', '.eJxVjDsOwjAQBe_iGln-26Gkzxms9e4aB1Ai5VMh7k4ipYD2zcx7iwzb2vK28JwHEldhlbj8jgXwyeNB6AHjfZI4jes8FHko8qSL7Cfi1-10_w4aLG2vtfOxIAdGZh3YJIs1BU8a0VuTSnVK164LkKIPNgIQ7T45Bd4U5VB8vhsjOJM:1pmzGk:_LhRb5ia5ulwzzXjqd26xE39Mah80Tk9J2Pel-Y8GN4', '2023-04-27 23:53:54.405181');
INSERT INTO `django_session` VALUES ('rhi010qcfokijgsgqnhhei0m4y4sp2hk', '.eJxVjDsOwjAQBe_iGln-26Gkzxms9e4aB1Ai5VMh7k4ipYD2zcx7iwzb2vK28JwHEldhlbj8jgXwyeNB6AHjfZI4jes8FHko8qSL7Cfi1-10_w4aLG2vtfOxIAdGZh3YJIs1BU8a0VuTSnVK164LkKIPNgIQ7T45Bd4U5VB8vhsjOJM:1pnSmB:gTpkQsD_ju5DORB8khUXll_9N6Wa7i3UOp0AE7ca9w0', '2023-04-29 07:24:19.168748');
INSERT INTO `django_session` VALUES ('rl2sri85d08oi9ik25bszjg4mw5qjcqn', '.eJxVjDsOwjAQBe_iGln-26Gkzxms9e4aB1Ai5VMh7k4ipYD2zcx7iwzb2vK28JwHEldhlbj8jgXwyeNB6AHjfZI4jes8FHko8qSL7Cfi1-10_w4aLG2vtfOxIAdGZh3YJIs1BU8a0VuTSnVK164LkKIPNgIQ7T45Bd4U5VB8vhsjOJM:1qDiaV:liuK9oMASEX1ZcmvCPQKs1ERwbA5BGJJtMKF2M497wQ', '2023-07-10 17:32:47.308157');
INSERT INTO `django_session` VALUES ('rmq0uemvirmx8hm22fdn8w0gjma275xj', '.eJxVjDsOwjAQBe_iGln-26Gkzxms9e4aB1Ai5VMh7k4ipYD2zcx7iwzb2vK28JwHEldhlbj8jgXwyeNB6AHjfZI4jes8FHko8qSL7Cfi1-10_w4aLG2vtfOxIAdGZh3YJIs1BU8a0VuTSnVK164LkKIPNgIQ7T45Bd4U5VB8vhsjOJM:1ppOpl:HQAH1LDf2hWWt4ckwodIZHiKVQ7RcHZW0YXu0EXY-yc', '2023-05-04 15:36:01.014300');
INSERT INTO `django_session` VALUES ('rtdgyiamx5w4v844tsgcn0hllpysrhxc', '.eJxVjDsOwjAQBe_iGln-26Gkzxms9e4aB1Ai5VMh7k4ipYD2zcx7iwzb2vK28JwHEldhlbj8jgXwyeNB6AHjfZI4jes8FHko8qSL7Cfi1-10_w4aLG2vtfOxIAdGZh3YJIs1BU8a0VuTSnVK164LkKIPNgIQ7T45Bd4U5VB8vhsjOJM:1pwFvx:sj8l5DbnMvQZdS9ZIiXstrtkI_WswVpdMuvGU0BICy0', '2023-05-23 13:30:45.248155');
INSERT INTO `django_session` VALUES ('rtsi3v75wanwezkd4czyv7sv3to19c8u', '.eJxVjEEOwiAQRe_C2pCBaWlx6d4zkGEGpGpoUtqV8e7apAvd_vfef6lA21rC1tISJlFnhahOv2MkfqS6E7lTvc2a57ouU9S7og_a9HWW9Lwc7t9BoVa-dQbxFAXB9TT4jICmY46uByDrbI6dz0M2xls0wGLYOWZMFkcmHsWp9wcHjzge:1phRIS:wf7Hn0i1oSmGJfZYGR-uLfkH4aejuM0H9HvsRL2ZVYg', '2023-04-12 16:36:44.073217');
INSERT INTO `django_session` VALUES ('rtvsnl2r9f45f85lyrd4ws22ce716gpj', '.eJxVjDsOwjAQBe_iGln-26Gkzxms9e4aB1Ai5VMh7k4ipYD2zcx7iwzb2vK28JwHEldhlbj8jgXwyeNB6AHjfZI4jes8FHko8qSL7Cfi1-10_w4aLG2vtfOxIAdGZh3YJIs1BU8a0VuTSnVK164LkKIPNgIQ7T45Bd4U5VB8vhsjOJM:1pzY5A:dHedTEDyLC8qRNSnzUxlqFDi6JmBMeVPTiHJjSuTwWo', '2023-06-01 15:29:52.737772');
INSERT INTO `django_session` VALUES ('rzs1kp57we791u542qhqdns2vovaxnef', '.eJxVjDsOwjAQBe_iGln-26Gkzxms9e4aB1Ai5VMh7k4ipYD2zcx7iwzb2vK28JwHEldhlbj8jgXwyeNB6AHjfZI4jes8FHko8qSL7Cfi1-10_w4aLG2vtfOxIAdGZh3YJIs1BU8a0VuTSnVK164LkKIPNgIQ7T45Bd4U5VB8vhsjOJM:1pn84M:f-ltRISHk0aDS4WdqBxZ9FaEJQh5vRbTqoWOMrhFdGY', '2023-04-28 09:17:42.057528');
INSERT INTO `django_session` VALUES ('s8q6lfydz32l2ak1a3q6gtb208xb2rsd', '.eJxVjDsOwjAQBe_iGln-26Gkzxms9e4aB1Ai5VMh7k4ipYD2zcx7iwzb2vK28JwHEldhlbj8jgXwyeNB6AHjfZI4jes8FHko8qSL7Cfi1-10_w4aLG2vtfOxIAdGZh3YJIs1BU8a0VuTSnVK164LkKIPNgIQ7T45Bd4U5VB8vhsjOJM:1paCD4:OUG0Q9CjSw6BVnP5ei1j06KJ6LKZShsmr7tJPj2Hwag', '2023-03-23 17:05:14.692989');
INSERT INTO `django_session` VALUES ('sc73e8p48mxpc4z31p7omf91ovjbdoun', '.eJxVjDsOwjAQBe_iGln-26Gkzxms9e4aB1Ai5VMh7k4ipYD2zcx7iwzb2vK28JwHEldhlbj8jgXwyeNB6AHjfZI4jes8FHko8qSL7Cfi1-10_w4aLG2vtfOxIAdGZh3YJIs1BU8a0VuTSnVK164LkKIPNgIQ7T45Bd4U5VB8vhsjOJM:1pZoZL:BFSiI0ZPLWoYXYQKi-xIe9VfKWZ9PEFRw69YEafo57s', '2023-03-22 15:50:39.595455');
INSERT INTO `django_session` VALUES ('sekkq8u7j0rnmue0wnju413u0yfni1oq', '.eJxVjDsOwjAQBe_iGln-26Gkzxms9e4aB1Ai5VMh7k4ipYD2zcx7iwzb2vK28JwHEldhlbj8jgXwyeNB6AHjfZI4jes8FHko8qSL7Cfi1-10_w4aLG2vtfOxIAdGZh3YJIs1BU8a0VuTSnVK164LkKIPNgIQ7T45Bd4U5VB8vhsjOJM:1pfKsi:RNEqVVfCqN7z63kC3hKvvmQaGg6-yfinZoZsYg5Qfss', '2023-04-06 21:21:28.999655');
INSERT INTO `django_session` VALUES ('shpo60wkemgw4yq1iodycnonuk5wulmx', '.eJxVjDsOwjAQBe_iGln-26Gkzxms9e4aB1Ai5VMh7k4ipYD2zcx7iwzb2vK28JwHEldhlbj8jgXwyeNB6AHjfZI4jes8FHko8qSL7Cfi1-10_w4aLG2vtfOxIAdGZh3YJIs1BU8a0VuTSnVK164LkKIPNgIQ7T45Bd4U5VB8vhsjOJM:1qC9k3:gmsNMYQSpyIeSrGvCkCNn5Dse1oVtKDFt3G-VEGBwDc', '2023-07-06 10:08:11.307303');
INSERT INTO `django_session` VALUES ('spi19188y9dd3h7bkn1x98m07as2kfuh', '.eJxVjDsOwjAQBe_iGln-26Gkzxms9e4aB1Ai5VMh7k4ipYD2zcx7iwzb2vK28JwHEldhlbj8jgXwyeNB6AHjfZI4jes8FHko8qSL7Cfi1-10_w4aLG2vtfOxIAdGZh3YJIs1BU8a0VuTSnVK164LkKIPNgIQ7T45Bd4U5VB8vhsjOJM:1prGK6:mPceCDYtjpSs_FEAqLaOZp9JVjZy-nL8rwHIWQmFF_M', '2023-05-09 18:55:02.675313');
INSERT INTO `django_session` VALUES ('spowfyew7px59jsn0aeruipruodu5sew', '.eJxVjDsOwjAQBe_iGln-26Gkzxms9e4aB1Ai5VMh7k4ipYD2zcx7iwzb2vK28JwHEldhlbj8jgXwyeNB6AHjfZI4jes8FHko8qSL7Cfi1-10_w4aLG2vtfOxIAdGZh3YJIs1BU8a0VuTSnVK164LkKIPNgIQ7T45Bd4U5VB8vhsjOJM:1pgwZG:3TvfIXxH4kzx3R-ePPA3DHqkonZxF_WiGTyTw5pK7DU', '2023-04-11 07:48:02.156797');
INSERT INTO `django_session` VALUES ('srureo1kxhmuj5ajgnvcuhsjwocsl14v', '.eJxVjDEOwjAMRe-SGUWW47gNIztniOw6pQXUSk07Ie4OlTrA-t97_-WybOuQt1qWPJo7uwju9DuqdI8y7cTuMt1m383Tuozqd8UftPrrbOV5Ody_g0Hq8K1DAQhIDBhRtacoLTYcGAITIaVkCpiwT8xmhK1IAcM-kEZuArTu_QHFoDZ7:1q7Rip:905xZ4LPYKv3rdLP0y2BUDpHhn62479IBsiFSxHIF-g', '2023-06-23 10:19:27.343598');
INSERT INTO `django_session` VALUES ('ss13m50mzefg1m1zevn0qao2ld314spv', '.eJxVjDsOwjAQBe_iGln-26Gkzxms9e4aB1Ai5VMh7k4ipYD2zcx7iwzb2vK28JwHEldhlbj8jgXwyeNB6AHjfZI4jes8FHko8qSL7Cfi1-10_w4aLG2vtfOxIAdGZh3YJIs1BU8a0VuTSnVK164LkKIPNgIQ7T45Bd4U5VB8vhsjOJM:1qBQzr:VdqYa5woxhXS7pjqx0RUUnpCGFhLM4XYDWRDLjhtQq8', '2023-07-04 10:21:31.854812');
INSERT INTO `django_session` VALUES ('sx62bn0pekvymzwydjnxh0ol2jfizmut', '.eJxVjDsOwjAQBe_iGln-26Gkzxms9e4aB1Ai5VMh7k4ipYD2zcx7iwzb2vK28JwHEldhlbj8jgXwyeNB6AHjfZI4jes8FHko8qSL7Cfi1-10_w4aLG2vtfOxIAdGZh3YJIs1BU8a0VuTSnVK164LkKIPNgIQ7T45Bd4U5VB8vhsjOJM:1pZjiH:PQF5XNDiXZsi-b7IVn3SPuGRiUAWjzLI95bTOGAJwFY', '2023-03-22 10:39:33.296020');
INSERT INTO `django_session` VALUES ('sxf7ybn3hbzkrxtj7eal2udo9b1qhx5h', '.eJxVjDsOwjAQBe_iGln-26Gkzxms9e4aB1Ai5VMh7k4ipYD2zcx7iwzb2vK28JwHEldhlbj8jgXwyeNB6AHjfZI4jes8FHko8qSL7Cfi1-10_w4aLG2vtfOxIAdGZh3YJIs1BU8a0VuTSnVK164LkKIPNgIQ7T45Bd4U5VB8vhsjOJM:1qGV9n:dIfLeVBfTC8IO7NoKRzC16iaAkwUuQRCfDRX1nXbrU4', '2023-07-18 09:48:43.674453');
INSERT INTO `django_session` VALUES ('t7qki74awrlyvxl2ilupwdtk6b92xxad', '.eJxVjDsOwjAQBe_iGln-26Gkzxms9e4aB1Ai5VMh7k4ipYD2zcx7iwzb2vK28JwHEldhlbj8jgXwyeNB6AHjfZI4jes8FHko8qSL7Cfi1-10_w4aLG2vtfOxIAdGZh3YJIs1BU8a0VuTSnVK164LkKIPNgIQ7T45Bd4U5VB8vhsjOJM:1pyri9:2HQLfUbcreVIHNxJJsiZp6DB1UMko778oWWRVb_XtNI', '2023-05-30 18:15:17.807729');
INSERT INTO `django_session` VALUES ('tb1n3zhgxyxpaj4oi6pqjv5cb3m27xd5', '.eJxVjDsOwjAQBe_iGln-26Gkzxms9e4aB1Ai5VMh7k4ipYD2zcx7iwzb2vK28JwHEldhlbj8jgXwyeNB6AHjfZI4jes8FHko8qSL7Cfi1-10_w4aLG2vtfOxIAdGZh3YJIs1BU8a0VuTSnVK164LkKIPNgIQ7T45Bd4U5VB8vhsjOJM:1q6myo:HiFH7NcGWodDNa-nR7BrDU_-8WP_YaTD6YBffSz4aUU', '2023-06-21 14:49:14.235109');
INSERT INTO `django_session` VALUES ('tlf5tecjt539t0bc6j10ss70fc1ihm5g', '.eJxVjDsOwjAQBe_iGln-26Gkzxms9e4aB1Ai5VMh7k4ipYD2zcx7iwzb2vK28JwHEldhlbj8jgXwyeNB6AHjfZI4jes8FHko8qSL7Cfi1-10_w4aLG2vtfOxIAdGZh3YJIs1BU8a0VuTSnVK164LkKIPNgIQ7T45Bd4U5VB8vhsjOJM:1ps27g:n7BCCgV5S0Q6QrvIUbltehHqMRS1aA85AIKbZVTDYlQ', '2023-05-11 21:57:24.261320');
INSERT INTO `django_session` VALUES ('tpczjgx1j6l2j9h5mo21ssjtz9emg8iz', '.eJxVjDsOwjAQBe_iGln-26Gkzxms9e4aB1Ai5VMh7k4ipYD2zcx7iwzb2vK28JwHEldhlbj8jgXwyeNB6AHjfZI4jes8FHko8qSL7Cfi1-10_w4aLG2vtfOxIAdGZh3YJIs1BU8a0VuTSnVK164LkKIPNgIQ7T45Bd4U5VB8vhsjOJM:1ptiB9:3q04k-i8ofao6wm2wQlPRrroVFHavaVH83wbB3YGpqM', '2023-05-16 13:03:55.861005');
INSERT INTO `django_session` VALUES ('trzmys82necwy62ldj93brebb8m6m4wx', '.eJxVjDsOwjAQBe_iGln-26Gkzxms9e4aB1Ai5VMh7k4ipYD2zcx7iwzb2vK28JwHEldhlbj8jgXwyeNB6AHjfZI4jes8FHko8qSL7Cfi1-10_w4aLG2vtfOxIAdGZh3YJIs1BU8a0VuTSnVK164LkKIPNgIQ7T45Bd4U5VB8vhsjOJM:1q6mOk:fWfQ3ky5iWmz5I33KCeuSdepNKRVEFfCVgV6AiyuDMA', '2023-06-21 14:11:58.610656');
INSERT INTO `django_session` VALUES ('tswi9at92380ivv0fpkx21nejfbn6tu1', '.eJxVjDsOwjAQBe_iGln-26Gkzxms9e4aB1Ai5VMh7k4ipYD2zcx7iwzb2vK28JwHEldhlbj8jgXwyeNB6AHjfZI4jes8FHko8qSL7Cfi1-10_w4aLG2vtfOxIAdGZh3YJIs1BU8a0VuTSnVK164LkKIPNgIQ7T45Bd4U5VB8vhsjOJM:1q3F5f:wXe76oS5VV99_KEUnU9DJIRQ_ad7eaRyFe4Z-F1z6oQ', '2023-06-11 20:01:39.507456');
INSERT INTO `django_session` VALUES ('tt9ac8tvhoip1ytz5us9kmz5ncbdtdxz', '.eJxVjDsOwjAQBe_iGln-26Gkzxms9e4aB1Ai5VMh7k4ipYD2zcx7iwzb2vK28JwHEldhlbj8jgXwyeNB6AHjfZI4jes8FHko8qSL7Cfi1-10_w4aLG2vtfOxIAdGZh3YJIs1BU8a0VuTSnVK164LkKIPNgIQ7T45Bd4U5VB8vhsjOJM:1pczHk:o453mFnyFNwssxT84Z6_2QtKlj21-C_mJOv4vqG0u0A', '2023-03-31 09:53:36.079226');
INSERT INTO `django_session` VALUES ('tuws9almjolqduvuqctedj7tp6imepk2', '.eJxVjDsOwjAQBe_iGln-26Gkzxms9e4aB1Ai5VMh7k4ipYD2zcx7iwzb2vK28JwHEldhlbj8jgXwyeNB6AHjfZI4jes8FHko8qSL7Cfi1-10_w4aLG2vtfOxIAdGZh3YJIs1BU8a0VuTSnVK164LkKIPNgIQ7T45Bd4U5VB8vhsjOJM:1q6VqR:edrZdeETohZKcxMnbUrOm5TfQFrm2ywR8_OqFU9_uA0', '2023-06-20 20:31:27.682347');
INSERT INTO `django_session` VALUES ('ty08c73arhymzc257g6bm059qz0bb4ix', '.eJxVjDsOwjAQBe_iGln-26Gkzxms9e4aB1Ai5VMh7k4ipYD2zcx7iwzb2vK28JwHEldhlbj8jgXwyeNB6AHjfZI4jes8FHko8qSL7Cfi1-10_w4aLG2vtfOxIAdGZh3YJIs1BU8a0VuTSnVK164LkKIPNgIQ7T45Bd4U5VB8vhsjOJM:1px7nF:owAlX8mztgSSKwZK4YnaRbLfFByjNq7BJ1b5uxoXB7Q', '2023-05-25 23:01:21.779558');
INSERT INTO `django_session` VALUES ('u178tzyr7y0pv3cftt434ifw5732bxfk', '.eJxVjDsOwjAQBe_iGln-26Gkzxms9e4aB1Ai5VMh7k4ipYD2zcx7iwzb2vK28JwHEldhlbj8jgXwyeNB6AHjfZI4jes8FHko8qSL7Cfi1-10_w4aLG2vtfOxIAdGZh3YJIs1BU8a0VuTSnVK164LkKIPNgIQ7T45Bd4U5VB8vhsjOJM:1pzr6d:BnrDE95dGTJZMWQ3-TgsXdUt3jv7zLIe-bOJEEBOh9I', '2023-06-02 11:48:39.453019');
INSERT INTO `django_session` VALUES ('u900bu5yjvru3kusjolkb1ydf9jixg7e', '.eJxVjDsOwjAQBe_iGln-26Gkzxms9e4aB1Ai5VMh7k4ipYD2zcx7iwzb2vK28JwHEldhlbj8jgXwyeNB6AHjfZI4jes8FHko8qSL7Cfi1-10_w4aLG2vtfOxIAdGZh3YJIs1BU8a0VuTSnVK164LkKIPNgIQ7T45Bd4U5VB8vhsjOJM:1pxqwN:fXlg63jkxWVq70zQM2KFmQ0SaK3c-2p7HMRBUPECFa4', '2023-05-27 23:13:47.578906');
INSERT INTO `django_session` VALUES ('ubooimur2nx6h5ky2xfndud0ip2jj6ok', '.eJxVjDsOwjAQBe_iGln-26Gkzxms9e4aB1Ai5VMh7k4ipYD2zcx7iwzb2vK28JwHEldhlbj8jgXwyeNB6AHjfZI4jes8FHko8qSL7Cfi1-10_w4aLG2vtfOxIAdGZh3YJIs1BU8a0VuTSnVK164LkKIPNgIQ7T45Bd4U5VB8vhsjOJM:1qAupr:By5h7OUKDzkNuog9FmawKfa6Kwp7Kd0J-0tcSMQq1XA', '2023-07-03 00:01:03.445053');
INSERT INTO `django_session` VALUES ('uihu4y6nmuimn8ylcs4mikptz27yy9z7', '.eJxVjDsOwjAQBe_iGln-26Gkzxms9e4aB1Ai5VMh7k4ipYD2zcx7iwzb2vK28JwHEldhlbj8jgXwyeNB6AHjfZI4jes8FHko8qSL7Cfi1-10_w4aLG2vtfOxIAdGZh3YJIs1BU8a0VuTSnVK164LkKIPNgIQ7T45Bd4U5VB8vhsjOJM:1pvulm:Vz82C4noNuLtHcg3BVEteAxmsLKwSEhvRhF7p1x5QlM', '2023-05-22 14:54:50.645212');
INSERT INTO `django_session` VALUES ('ujd0giy7w21hrkmebwp6wl0dzvp3w4lf', '.eJxVjDsOwjAQBe_iGln-26Gkzxms9e4aB1Ai5VMh7k4ipYD2zcx7iwzb2vK28JwHEldhlbj8jgXwyeNB6AHjfZI4jes8FHko8qSL7Cfi1-10_w4aLG2vtfOxIAdGZh3YJIs1BU8a0VuTSnVK164LkKIPNgIQ7T45Bd4U5VB8vhsjOJM:1prxMT:5F-ylgUBDPIHy7GcrRMUEmNVXKZjHaJ8TVOSNPyKIvE', '2023-05-11 16:52:21.035086');
INSERT INTO `django_session` VALUES ('ukr995o1qzw0ge67tieu4vxoonummn4s', '.eJxVjDsOwjAQBe_iGln-26Gkzxms9e4aB1Ai5VMh7k4ipYD2zcx7iwzb2vK28JwHEldhlbj8jgXwyeNB6AHjfZI4jes8FHko8qSL7Cfi1-10_w4aLG2vtfOxIAdGZh3YJIs1BU8a0VuTSnVK164LkKIPNgIQ7T45Bd4U5VB8vhsjOJM:1plhUf:YudsBQcpHVV53bw6giCYHRQTDQakePEHsP7lttfFHBk', '2023-04-24 10:42:57.665312');
INSERT INTO `django_session` VALUES ('uq4ai6ddsuemuusi1n46mn9yrnojkeu3', '.eJxVjDsOwjAQBe_iGln-26Gkzxms9e4aB1Ai5VMh7k4ipYD2zcx7iwzb2vK28JwHEldhlbj8jgXwyeNB6AHjfZI4jes8FHko8qSL7Cfi1-10_w4aLG2vtfOxIAdGZh3YJIs1BU8a0VuTSnVK164LkKIPNgIQ7T45Bd4U5VB8vhsjOJM:1psF4z:ounr5G7Ehy_p1CJrxmaAxo2yKMOjgU4LR2vLESt_njI', '2023-05-12 11:47:29.028369');
INSERT INTO `django_session` VALUES ('uqq9bdh2u6g2yrz4z2rnl5aaugmtd8mk', '.eJxVjDsOwjAQBe_iGln-26Gkzxms9e4aB1Ai5VMh7k4ipYD2zcx7iwzb2vK28JwHEldhlbj8jgXwyeNB6AHjfZI4jes8FHko8qSL7Cfi1-10_w4aLG2vtfOxIAdGZh3YJIs1BU8a0VuTSnVK164LkKIPNgIQ7T45Bd4U5VB8vhsjOJM:1q9z0s:XoIqCPDIl04gR3Ktdjm-allb-2_L0x-NLNEyZhU-sow', '2023-06-30 10:16:34.431934');
INSERT INTO `django_session` VALUES ('us9i228hn5c1qkdv7kg6eje9fre3djba', '.eJxVjDsOwjAQBe_iGln-26Gkzxms9e4aB1Ai5VMh7k4ipYD2zcx7iwzb2vK28JwHEldhlbj8jgXwyeNB6AHjfZI4jes8FHko8qSL7Cfi1-10_w4aLG2vtfOxIAdGZh3YJIs1BU8a0VuTSnVK164LkKIPNgIQ7T45Bd4U5VB8vhsjOJM:1plnro:aGBooH46FqXjXkvZEjkZTR-BToktkeOdhi72j0jDSkY', '2023-04-24 17:31:16.495267');
INSERT INTO `django_session` VALUES ('ux5wp7rrl6t5m37mp4ku6m1frueclfvc', '.eJxVjDsOwjAQBe_iGln-26Gkzxms9e4aB1Ai5VMh7k4ipYD2zcx7iwzb2vK28JwHEldhlbj8jgXwyeNB6AHjfZI4jes8FHko8qSL7Cfi1-10_w4aLG2vtfOxIAdGZh3YJIs1BU8a0VuTSnVK164LkKIPNgIQ7T45Bd4U5VB8vhsjOJM:1pmFUt:ohszQbVYMSH7XXz4ux-9AjrV1rpdsYb8U9ewxYiJaAY', '2023-04-25 23:01:27.797406');
INSERT INTO `django_session` VALUES ('v1qqnhhl5tklonl9uzqxzsu82g3p59fg', '.eJxVjDsOwjAQBe_iGln-26Gkzxms9e4aB1Ai5VMh7k4ipYD2zcx7iwzb2vK28JwHEldhlbj8jgXwyeNB6AHjfZI4jes8FHko8qSL7Cfi1-10_w4aLG2vtfOxIAdGZh3YJIs1BU8a0VuTSnVK164LkKIPNgIQ7T45Bd4U5VB8vhsjOJM:1q7zop:50SHRrfyibpZvnypTnJzE-d3NZLiUY9kfQ8ng_AiuoM', '2023-06-24 22:43:55.403713');
INSERT INTO `django_session` VALUES ('v1y1qon3jihg833nr1tludhb207dt4rc', '.eJxVjDsOwjAQBe_iGln-26Gkzxms9e4aB1Ai5VMh7k4ipYD2zcx7iwzb2vK28JwHEldhlbj8jgXwyeNB6AHjfZI4jes8FHko8qSL7Cfi1-10_w4aLG2vtfOxIAdGZh3YJIs1BU8a0VuTSnVK164LkKIPNgIQ7T45Bd4U5VB8vhsjOJM:1pqr9X:_rkTEecaUaBiej1yWgqsbEMlk0CcSZAwkiNmsPmVT6s', '2023-05-08 16:02:27.137179');
INSERT INTO `django_session` VALUES ('v28x9v00war1f8on4jh8dphg9hxxkw98', '.eJxVjDsOwjAQBe_iGln-26Gkzxms9e4aB1Ai5VMh7k4ipYD2zcx7iwzb2vK28JwHEldhlbj8jgXwyeNB6AHjfZI4jes8FHko8qSL7Cfi1-10_w4aLG2vtfOxIAdGZh3YJIs1BU8a0VuTSnVK164LkKIPNgIQ7T45Bd4U5VB8vhsjOJM:1q7JGJ:2djUSVHocecBPTMlDlPhUvQwH5YSEoN1Ea2iw5JI8v0', '2023-06-23 01:17:27.559843');
INSERT INTO `django_session` VALUES ('vbzrc3f80bvtciwbrl1c7mxxq0k8lrxy', '.eJxVjEEOwiAQRe_C2pABSsu4dO8ZyDCAVA0kpV0Z765NutDtf-_9l_C0rcVvPS1-juIslBKn3zEQP1LdSbxTvTXJra7LHOSuyIN2eW0xPS-H-3dQqJdvDdoRWhi1DtqZqJw1eUAGhqQJQyICwCmwycCjRUBlcg7IU0QFQ4ri_QHo0TfG:1pDmgL:glunTG6kEmwlgHMMKyjuO_lpns2KxIIEhHdrzaN4g6E', '2023-01-20 21:22:49.358649');
INSERT INTO `django_session` VALUES ('vg2t62vnrqlnuesy3mhbvoh8dpwsmqi1', '.eJxVjDsOwjAQBe_iGln-26Gkzxms9e4aB1Ai5VMh7k4ipYD2zcx7iwzb2vK28JwHEldhlbj8jgXwyeNB6AHjfZI4jes8FHko8qSL7Cfi1-10_w4aLG2vtfOxIAdGZh3YJIs1BU8a0VuTSnVK164LkKIPNgIQ7T45Bd4U5VB8vhsjOJM:1pmact:CUHnAidWOj3B903HEsmDU2V5KzOgRzAS5EePl-we12w', '2023-04-26 21:35:07.305215');
INSERT INTO `django_session` VALUES ('vivnedmsgfnz8fjzoex5e50mxdv1q5ha', '.eJxVjDsOwjAQBe_iGln-26Gkzxms9e4aB1Ai5VMh7k4ipYD2zcx7iwzb2vK28JwHEldhlbj8jgXwyeNB6AHjfZI4jes8FHko8qSL7Cfi1-10_w4aLG2vtfOxIAdGZh3YJIs1BU8a0VuTSnVK164LkKIPNgIQ7T45Bd4U5VB8vhsjOJM:1ptQ72:k6uY40dSG9QONtA60KIFyoB9kWiQ0yHpO3maSkmXg8g', '2023-05-15 17:46:28.024410');
INSERT INTO `django_session` VALUES ('vkk6f746nh9206sfklg02z691vqrm3v9', '.eJxVjDsOwjAQBe_iGln-26Gkzxms9e4aB1Ai5VMh7k4ipYD2zcx7iwzb2vK28JwHEldhlbj8jgXwyeNB6AHjfZI4jes8FHko8qSL7Cfi1-10_w4aLG2vtfOxIAdGZh3YJIs1BU8a0VuTSnVK164LkKIPNgIQ7T45Bd4U5VB8vhsjOJM:1pp5IB:x0Y6bHoWWbW1HmGftbBObSlwB6zuRhgwg4r8TRrqGFY', '2023-05-03 18:44:03.651274');
INSERT INTO `django_session` VALUES ('vsg87s6cn334vtyl98utu992ra17acdy', '.eJxVjDsOwjAQBe_iGln-26Gkzxms9e4aB1Ai5VMh7k4ipYD2zcx7iwzb2vK28JwHEldhlbj8jgXwyeNB6AHjfZI4jes8FHko8qSL7Cfi1-10_w4aLG2vtfOxIAdGZh3YJIs1BU8a0VuTSnVK164LkKIPNgIQ7T45Bd4U5VB8vhsjOJM:1paVEa:fu6acdomhOYmCE-v7kepIcRQpZcy78UAWoG1rt9-wgw', '2023-03-24 13:24:04.279181');
INSERT INTO `django_session` VALUES ('vtw0vapuxq34t2tbzzk3y0ro39fs4sjr', '.eJxVjDsOwjAQBe_iGln-26Gkzxms9e4aB1Ai5VMh7k4ipYD2zcx7iwzb2vK28JwHEldhlbj8jgXwyeNB6AHjfZI4jes8FHko8qSL7Cfi1-10_w4aLG2vtfOxIAdGZh3YJIs1BU8a0VuTSnVK164LkKIPNgIQ7T45Bd4U5VB8vhsjOJM:1pczii:q8XYe5pXbJlX2B7XnZfLFfuHIzVbhdgyzJPQaNL6_8w', '2023-03-31 10:21:28.197333');
INSERT INTO `django_session` VALUES ('vub8evjklhht3cpmzs7s9ykd2xti1yy9', '.eJxVjDsOwjAQBe_iGln-YceU9DmDtbte4wBypDipEHeHSCmgfTPzXiLBtta0dV7SlMVFaHH63RDowW0H-Q7tNkua27pMKHdFHrTLcc78vB7u30GFXr91ccURg7KRvAEXATCcNYLP3gSiwYaivTdFDcSorI-6YNBsXdZAkYJ4fwD6UDhc:1pZArr:UpSYh8-yElVlclVeB24CwBNNmkn8irN_DopFPKxcoyM', '2023-03-20 21:27:07.106821');
INSERT INTO `django_session` VALUES ('vwgjx6qng7do5imqnt9phl8esy1xw7cz', '.eJxVjDsOwjAQBe_iGlkx_lPS5wzWbnaNA8iW4qRC3B0ipYD2zcx7iQTbWtLWeUkziYvw4vS7IUwPrjugO9Rbk1Or6zKj3BV50C7HRvy8Hu7fQYFevnW2wZ4dOIqs0RNYCj6YGCk4NBQGpbR2zFlxUJqBjc_onTJDZhXRZvH-AOO7N_k:1p6viW:vs3Tsm5aDU9aeyqaWkIQos_xv6cyB_j-GDi1IN08PM4', '2023-01-01 23:36:44.250551');
INSERT INTO `django_session` VALUES ('vy3r2b00bopwh6xv3ohk3a363w4fw8ev', '.eJxVjDsOwjAQBe_iGln-26Gkzxms9e4aB1Ai5VMh7k4ipYD2zcx7iwzb2vK28JwHEldhlbj8jgXwyeNB6AHjfZI4jes8FHko8qSL7Cfi1-10_w4aLG2vtfOxIAdGZh3YJIs1BU8a0VuTSnVK164LkKIPNgIQ7T45Bd4U5VB8vhsjOJM:1peHvd:SPSlj-K-gbeb0JVdBI8wY8e1TDvOrtPmTHUrVsKAx-I', '2023-04-04 00:00:09.430729');
INSERT INTO `django_session` VALUES ('vzm9kqvvjpt7nxw8ytislf6nnybs8tmb', '.eJxVjDsOwjAQBe_iGln-26Gkzxms9e4aB1Ai5VMh7k4ipYD2zcx7iwzb2vK28JwHEldhlbj8jgXwyeNB6AHjfZI4jes8FHko8qSL7Cfi1-10_w4aLG2vtfOxIAdGZh3YJIs1BU8a0VuTSnVK164LkKIPNgIQ7T45Bd4U5VB8vhsjOJM:1phgup:EcB3k9L6U9hyj3tM7EnplrQorvXD4LNPWZnbD2iMXMw', '2023-04-13 09:17:23.232132');
INSERT INTO `django_session` VALUES ('w3a0avow2u4q5ckb2sv1bql4c54lplhd', '.eJxVjDsOwjAQBe_iGln-26Gkzxms9e4aB1Ai5VMh7k4ipYD2zcx7iwzb2vK28JwHEldhlbj8jgXwyeNB6AHjfZI4jes8FHko8qSL7Cfi1-10_w4aLG2vtfOxIAdGZh3YJIs1BU8a0VuTSnVK164LkKIPNgIQ7T45Bd4U5VB8vhsjOJM:1puk9P:KE6Zs9WIF75zl_lYmqVsbIDfg759TUMfByN9bLL_5Sg', '2023-05-19 09:22:23.264477');
INSERT INTO `django_session` VALUES ('w5i189z5ogg8c8zxu7phn2wcv42j1drj', '.eJxVjDsOwjAQBe_iGln-26Gkzxms9e4aB1Ai5VMh7k4ipYD2zcx7iwzb2vK28JwHEldhlbj8jgXwyeNB6AHjfZI4jes8FHko8qSL7Cfi1-10_w4aLG2vtfOxIAdGZh3YJIs1BU8a0VuTSnVK164LkKIPNgIQ7T45Bd4U5VB8vhsjOJM:1qE3XS:zKhcCkt5X1drrixlGjkVX4QtJLTsdgGCq20ZaqtMfkI', '2023-07-11 15:55:02.106535');
INSERT INTO `django_session` VALUES ('w6dc91nf9h6ikykacjyu7hs1mliimydd', '.eJxVjDsOwjAQBe_iGln-26Gkzxms9e4aB1Ai5VMh7k4ipYD2zcx7iwzb2vK28JwHEldhlbj8jgXwyeNB6AHjfZI4jes8FHko8qSL7Cfi1-10_w4aLG2vtfOxIAdGZh3YJIs1BU8a0VuTSnVK164LkKIPNgIQ7T45Bd4U5VB8vhsjOJM:1pvxUf:laQDoUyzUQ41YzqGEp-52LUdl93JXGDKWakt2Hdt9Ls', '2023-05-22 17:49:21.169985');
INSERT INTO `django_session` VALUES ('w8dkdu67bxxnjsdc0uq10pqfc7cboyr1', '.eJxVjDsOwjAQBe_iGln-26Gkzxms9e4aB1Ai5VMh7k4ipYD2zcx7iwzb2vK28JwHEldhlbj8jgXwyeNB6AHjfZI4jes8FHko8qSL7Cfi1-10_w4aLG2vtfOxIAdGZh3YJIs1BU8a0VuTSnVK164LkKIPNgIQ7T45Bd4U5VB8vhsjOJM:1ph0N1:FhylJagKCYpCIYf0kKWq6_bqR6T9bTJH4N8pLvXhGGk', '2023-04-11 11:51:39.272382');
INSERT INTO `django_session` VALUES ('w9gll7ftnoxwvkp0401g46xafxkvoisz', '.eJxVjDsOwjAQBe_iGln-26Gkzxms9e4aB1Ai5VMh7k4ipYD2zcx7iwzb2vK28JwHEldhlbj8jgXwyeNB6AHjfZI4jes8FHko8qSL7Cfi1-10_w4aLG2vtfOxIAdGZh3YJIs1BU8a0VuTSnVK164LkKIPNgIQ7T45Bd4U5VB8vhsjOJM:1qB8i5:3veCzoNREr127fInx1ZU0UGC12p8CK6JjE9Hlho4heQ', '2023-07-03 14:49:57.049789');
INSERT INTO `django_session` VALUES ('we1v2qburjhxqjqsyin5r3ni8p1byl27', '.eJxVjDsOwjAQBe_iGln-26Gkzxms9e4aB1Ai5VMh7k4ipYD2zcx7iwzb2vK28JwHEldhlbj8jgXwyeNB6AHjfZI4jes8FHko8qSL7Cfi1-10_w4aLG2vtfOxIAdGZh3YJIs1BU8a0VuTSnVK164LkKIPNgIQ7T45Bd4U5VB8vhsjOJM:1puGy6:0Lm8T9ByOwk4CUgRvJyOR1yfcEFCx-4fbNqyM3swXYI', '2023-05-18 02:12:46.187873');
INSERT INTO `django_session` VALUES ('wjmuxe796b4ewwybcmgv9buzhxctrhvl', '.eJxVjDsOwjAQBe_iGln-26Gkzxms9e4aB1Ai5VMh7k4ipYD2zcx7iwzb2vK28JwHEldhlbj8jgXwyeNB6AHjfZI4jes8FHko8qSL7Cfi1-10_w4aLG2vtfOxIAdGZh3YJIs1BU8a0VuTSnVK164LkKIPNgIQ7T45Bd4U5VB8vhsjOJM:1q2sqQ:ddQXbwle77rILd0CKpOGqo5udZut0Ic0SexVyvMtfrs', '2023-06-10 20:16:26.198581');
INSERT INTO `django_session` VALUES ('wq9vjdcv3qereu8rmiwwf7vgt6kfqvxp', '.eJxVjDsOwjAQBe_iGln-26Gkzxms9e4aB1Ai5VMh7k4ipYD2zcx7iwzb2vK28JwHEldhlbj8jgXwyeNB6AHjfZI4jes8FHko8qSL7Cfi1-10_w4aLG2vtfOxIAdGZh3YJIs1BU8a0VuTSnVK164LkKIPNgIQ7T45Bd4U5VB8vhsjOJM:1phX6S:w9Vri-Sfi2M106sPsAkEMT6lEzQbCdLNZy5nxFUhTls', '2023-04-12 22:48:44.899753');
INSERT INTO `django_session` VALUES ('wstnl9q0bu6dkyiz28dw8t1omxfhd7r2', '.eJxVjDsOwjAQBe_iGln-26Gkzxms9e4aB1Ai5VMh7k4ipYD2zcx7iwzb2vK28JwHEldhlbj8jgXwyeNB6AHjfZI4jes8FHko8qSL7Cfi1-10_w4aLG2vtfOxIAdGZh3YJIs1BU8a0VuTSnVK164LkKIPNgIQ7T45Bd4U5VB8vhsjOJM:1q2AAT:KpoAWDbJaG99ia3Y3hNMq-QlX4N9oFWlzU5TfRT8HCs', '2023-06-08 20:34:09.583671');
INSERT INTO `django_session` VALUES ('wszcd1rduti0rotz24r26balww4le7iu', '.eJxVjDsOwjAQBe_iGln-26Gkzxms9e4aB1Ai5VMh7k4ipYD2zcx7iwzb2vK28JwHEldhlbj8jgXwyeNB6AHjfZI4jes8FHko8qSL7Cfi1-10_w4aLG2vtfOxIAdGZh3YJIs1BU8a0VuTSnVK164LkKIPNgIQ7T45Bd4U5VB8vhsjOJM:1piUBJ:qfHPq65kG_JPJVboRx2yOkxys3Uk8MH-q5JhMAt7fb8', '2023-04-15 13:53:41.469204');
INSERT INTO `django_session` VALUES ('wtt8kgtq2d6iwy6c2ajd2z4g861o8iu8', '.eJxVjDsOwjAQBe_iGln-26Gkzxms9e4aB1Ai5VMh7k4ipYD2zcx7iwzb2vK28JwHEldhlbj8jgXwyeNB6AHjfZI4jes8FHko8qSL7Cfi1-10_w4aLG2vtfOxIAdGZh3YJIs1BU8a0VuTSnVK164LkKIPNgIQ7T45Bd4U5VB8vhsjOJM:1phhrI:VuqQaRalrhEn5KM3P-iJMOuYt5v97UdFojbbWJ2WyPw', '2023-04-13 10:17:48.752642');
INSERT INTO `django_session` VALUES ('wy2t1otktfsgsbzrosor7q404zp1um1w', '.eJxVjDsOwjAQBe_iGln-26Gkzxms9e4aB1Ai5VMh7k4ipYD2zcx7iwzb2vK28JwHEldhlbj8jgXwyeNB6AHjfZI4jes8FHko8qSL7Cfi1-10_w4aLG2vtfOxIAdGZh3YJIs1BU8a0VuTSnVK164LkKIPNgIQ7T45Bd4U5VB8vhsjOJM:1pip8N:hi2joTUuyJ6KmJx5tPOm5Z9VasRx2rctb6ySaopGp1Y', '2023-04-16 12:16:03.737825');
INSERT INTO `django_session` VALUES ('x0ssnl422w81i8tyd4r5dnug31f2ft99', '.eJxVjDsOwjAQBe_iGln-26Gkzxms9e4aB1Ai5VMh7k4ipYD2zcx7iwzb2vK28JwHEldhlbj8jgXwyeNB6AHjfZI4jes8FHko8qSL7Cfi1-10_w4aLG2vtfOxIAdGZh3YJIs1BU8a0VuTSnVK164LkKIPNgIQ7T45Bd4U5VB8vhsjOJM:1qFcY5:2b04bH-K2vg_qTJn1vKHzTLmdYixIZnbKNgPsmFX4sE', '2023-07-15 23:30:09.942851');
INSERT INTO `django_session` VALUES ('x8zypyripqfwq19qzdnhpy91tn14rlq5', '.eJxVjEEOwiAQRe_C2pCBAoMu3XsGMgwgVUOT0q6Md7dNutDtf-_9twi0LjWsPc9hTOIinDj9bpH4mdsO0oPafZI8tWUeo9wVedAub1PKr-vh_h1U6nWroVibfUHKVvEQYSvBadToARG1MQNbVRSf2RiwqGIphrzR0VnHQF58vtTXNzw:1p6Goe:Qw8AG7zRWFxX9UWX6H1f6EFA_3rGd6_HRT25jTL2Px8', '2022-12-31 03:56:20.050458');
INSERT INTO `django_session` VALUES ('xa3901um8mhtqusyfm8prkwp16hd0vzq', '.eJxVjDsOwjAQBe_iGln-26Gkzxms9e4aB1Ai5VMh7k4ipYD2zcx7iwzb2vK28JwHEldhlbj8jgXwyeNB6AHjfZI4jes8FHko8qSL7Cfi1-10_w4aLG2vtfOxIAdGZh3YJIs1BU8a0VuTSnVK164LkKIPNgIQ7T45Bd4U5VB8vhsjOJM:1q0dDY:_UUbYBs5E-yReFXDuHeGvTjHMbLuWkdXomajPFCJOwQ', '2023-06-04 15:11:00.276681');
INSERT INTO `django_session` VALUES ('xc2nllaq7efffcn8fu2lwm02v0ohtgmz', '.eJxVjDsOwjAQBe_iGln-26Gkzxms9e4aB1Ai5VMh7k4ipYD2zcx7iwzb2vK28JwHEldhlbj8jgXwyeNB6AHjfZI4jes8FHko8qSL7Cfi1-10_w4aLG2vtfOxIAdGZh3YJIs1BU8a0VuTSnVK164LkKIPNgIQ7T45Bd4U5VB8vhsjOJM:1plNdo:WXHMjZqxplbgHyC-0jYcQBUvJwdZAxrYI7JcynsMVAU', '2023-04-23 13:31:04.386670');
INSERT INTO `django_session` VALUES ('xcvv8jopcdbzywm1d3uhqggpqccrq9db', '.eJxVjDsOwjAQBe_iGln-26Gkzxms9e4aB1Ai5VMh7k4ipYD2zcx7iwzb2vK28JwHEldhlbj8jgXwyeNB6AHjfZI4jes8FHko8qSL7Cfi1-10_w4aLG2vtfOxIAdGZh3YJIs1BU8a0VuTSnVK164LkKIPNgIQ7T45Bd4U5VB8vhsjOJM:1pnwjo:adsxUBRMAfD-p7uYzZStmzz3PQiPeW13Hz31-WS6Gno', '2023-04-30 15:23:52.526850');
INSERT INTO `django_session` VALUES ('xfa92qjifo2rrbbl0qjnn9cw2wir5w52', '.eJxVjDsOwjAQBe_iGln-26Gkzxms9e4aB1Ai5VMh7k4ipYD2zcx7iwzb2vK28JwHEldhlbj8jgXwyeNB6AHjfZI4jes8FHko8qSL7Cfi1-10_w4aLG2vtfOxIAdGZh3YJIs1BU8a0VuTSnVK164LkKIPNgIQ7T45Bd4U5VB8vhsjOJM:1pjESE:CRqR3CG95SShmPi8WpnNcyFtDSGtp0rCEyaPInUxgkw', '2023-04-17 15:18:14.318554');
INSERT INTO `django_session` VALUES ('xiuh24hanx04fi4wgrctk9dtlnarf7ib', '.eJxVjDsOwjAQBe_iGln-26Gkzxms9e4aB1Ai5VMh7k4ipYD2zcx7iwzb2vK28JwHEldhlbj8jgXwyeNB6AHjfZI4jes8FHko8qSL7Cfi1-10_w4aLG2vtfOxIAdGZh3YJIs1BU8a0VuTSnVK164LkKIPNgIQ7T45Bd4U5VB8vhsjOJM:1poa1F:QXFmgOY0BlMmV6ASDivEatkn3Sz7hHcwsZUyzkGwth8', '2023-05-02 09:20:29.066372');
INSERT INTO `django_session` VALUES ('xnbpi10pp5i6asqv525u0nwn6c5nttxl', '.eJxVjDsOwjAQBe_iGln-26Gkzxms9e4aB1Ai5VMh7k4ipYD2zcx7iwzb2vK28JwHEldhlbj8jgXwyeNB6AHjfZI4jes8FHko8qSL7Cfi1-10_w4aLG2vtfOxIAdGZh3YJIs1BU8a0VuTSnVK164LkKIPNgIQ7T45Bd4U5VB8vhsjOJM:1q3SQQ:zvTD8s-QJlSgH4MOtSa-ZmJSYQpCh85_HL79M1cAkL4', '2023-06-12 10:15:58.316293');
INSERT INTO `django_session` VALUES ('xnewnwj1ltel9cv1967zko1kmfmy52e0', '.eJxVjDsOwjAQBe_iGln-26Gkzxms9e4aB1Ai5VMh7k4ipYD2zcx7iwzb2vK28JwHEldhlbj8jgXwyeNB6AHjfZI4jes8FHko8qSL7Cfi1-10_w4aLG2vtfOxIAdGZh3YJIs1BU8a0VuTSnVK164LkKIPNgIQ7T45Bd4U5VB8vhsjOJM:1pkKLG:SdFKlySOpiOxNaNTyIGUBW4JUFc1682UpCZBfIKnEIk', '2023-04-20 15:47:34.612461');
INSERT INTO `django_session` VALUES ('xoabck8owxmcrb717j4gkzi1ldjvu0xb', '.eJxVjDsOwjAQBe_iGln-26Gkzxms9e4aB1Ai5VMh7k4ipYD2zcx7iwzb2vK28JwHEldhlbj8jgXwyeNB6AHjfZI4jes8FHko8qSL7Cfi1-10_w4aLG2vtfOxIAdGZh3YJIs1BU8a0VuTSnVK164LkKIPNgIQ7T45Bd4U5VB8vhsjOJM:1q7qV2:2ayz09jp_mpA3QzwKOTmgxFDdJPzvroUYM23cg7LV9g', '2023-06-24 12:46:52.193680');
INSERT INTO `django_session` VALUES ('xp88tzg2kfjnm8mvhu710yq01882g5kc', '.eJxVjDsOwjAQBe_iGln-26Gkzxms9e4aB1Ai5VMh7k4ipYD2zcx7iwzb2vK28JwHEldhlbj8jgXwyeNB6AHjfZI4jes8FHko8qSL7Cfi1-10_w4aLG2vtfOxIAdGZh3YJIs1BU8a0VuTSnVK164LkKIPNgIQ7T45Bd4U5VB8vhsjOJM:1qFRiN:YW8vP8yUNU0MptVgwazUDp7K-Sv5N3FmOP1RNFI3Hok', '2023-07-15 11:56:03.892414');
INSERT INTO `django_session` VALUES ('xpu1rqthpxpc9o255zz357taaadfd1ui', '.eJxVjDsOwjAQBe_iGln-26Gkzxms9e4aB1Ai5VMh7k4ipYD2zcx7iwzb2vK28JwHEldhlbj8jgXwyeNB6AHjfZI4jes8FHko8qSL7Cfi1-10_w4aLG2vtfOxIAdGZh3YJIs1BU8a0VuTSnVK164LkKIPNgIQ7T45Bd4U5VB8vhsjOJM:1pfGfW:moJ_6CuWDZJZL0PJthbju8McaeDicGaL83_ue_LX0EQ', '2023-04-06 16:51:34.645882');
INSERT INTO `django_session` VALUES ('xvr40pguczhmf3eqdkqvl51r0gvodg4i', '.eJxVjDsOwjAQBe_iGln-26Gkzxms9e4aB1Ai5VMh7k4ipYD2zcx7iwzb2vK28JwHEldhlbj8jgXwyeNB6AHjfZI4jes8FHko8qSL7Cfi1-10_w4aLG2vtfOxIAdGZh3YJIs1BU8a0VuTSnVK164LkKIPNgIQ7T45Bd4U5VB8vhsjOJM:1pgeRf:N-b3WdYMSerVrmkI14lHHuk7vwE7zZEGjJyletOCgRQ', '2023-04-10 12:26:59.020758');
INSERT INTO `django_session` VALUES ('xwbpbg3rzsdn4mzvgqt38b81un3vi47q', '.eJxVjDsOwjAQBe_iGln-26Gkzxms9e4aB1Ai5VMh7k4ipYD2zcx7iwzb2vK28JwHEldhlbj8jgXwyeNB6AHjfZI4jes8FHko8qSL7Cfi1-10_w4aLG2vtfOxIAdGZh3YJIs1BU8a0VuTSnVK164LkKIPNgIQ7T45Bd4U5VB8vhsjOJM:1piYW2:57EAbB5E_gPHdO3v8dd_oryQ0tSI96ujot-0OqDAk0c', '2023-04-15 18:31:22.334729');
INSERT INTO `django_session` VALUES ('xzd17poqqi25b4in6om7vfeb70fqkguy', '.eJxVjDsOwjAQBe_iGln-26Gkzxms9e4aB1Ai5VMh7k4ipYD2zcx7iwzb2vK28JwHEldhlbj8jgXwyeNB6AHjfZI4jes8FHko8qSL7Cfi1-10_w4aLG2vtfOxIAdGZh3YJIs1BU8a0VuTSnVK164LkKIPNgIQ7T45Bd4U5VB8vhsjOJM:1phANl:rOEDL7U9GXThKQ8tOlWB6-m9AGFZWRnDPV8FkSqfNBg', '2023-04-11 22:33:05.476665');
INSERT INTO `django_session` VALUES ('xzitm0lng3ad4nonip8t3d70ckdy8b37', '.eJxVjDsOwjAQBe_iGln-YceU9DmDtbte4wBypDipEHeHSCmgfTPzXiLBtta0dV7SlMVFaHH63RDowW0H-Q7tNkua27pMKHdFHrTLcc78vB7u30GFXr91ccURg7KRvAEXATCcNYLP3gSiwYaivTdFDcSorI-6YNBsXdZAkYJ4fwD6UDhc:1p5uqf:H3NV7n8KoTK0jVReEODquNGTAoH6Ujr6Kiu_Yn3MYII', '2022-12-30 04:28:57.217195');
INSERT INTO `django_session` VALUES ('y1urlw4lqutnm0hh0pe3qfmdiwuqq3i4', '.eJxVjDsOwjAQBe_iGln-26Gkzxms9e4aB1Ai5VMh7k4ipYD2zcx7iwzb2vK28JwHEldhlbj8jgXwyeNB6AHjfZI4jes8FHko8qSL7Cfi1-10_w4aLG2vtfOxIAdGZh3YJIs1BU8a0VuTSnVK164LkKIPNgIQ7T45Bd4U5VB8vhsjOJM:1q2QIe:XXZIBgR27A4-cj_D7QUH09U-PKFZvEumJOJXh-yzYdA', '2023-06-09 13:47:40.266167');
INSERT INTO `django_session` VALUES ('y3z7wn85fojvnatowgpcfmdxjihuon2z', '.eJxVjDsOwjAQBe_iGln-26Gkzxms9e4aB1Ai5VMh7k4ipYD2zcx7iwzb2vK28JwHEldhlbj8jgXwyeNB6AHjfZI4jes8FHko8qSL7Cfi1-10_w4aLG2vtfOxIAdGZh3YJIs1BU8a0VuTSnVK164LkKIPNgIQ7T45Bd4U5VB8vhsjOJM:1q9Q8H:45Z5uV2bjnVlTFmNtZuNmASvhK4EGODqgjUdDEAe1L4', '2023-06-28 21:01:53.256045');
INSERT INTO `django_session` VALUES ('y4ev1oks3ud4ygu0k9irfqduvt1kgo4w', '.eJxVjDsOwjAQBe_iGln-26Gkzxms9e4aB1Ai5VMh7k4ipYD2zcx7iwzb2vK28JwHEldhlbj8jgXwyeNB6AHjfZI4jes8FHko8qSL7Cfi1-10_w4aLG2vtfOxIAdGZh3YJIs1BU8a0VuTSnVK164LkKIPNgIQ7T45Bd4U5VB8vhsjOJM:1qDpS1:Z58gB7_UEp_8HiU1o09rEc32v5OIRg1ZdZnea-PNQ9s', '2023-07-11 00:52:29.371810');
INSERT INTO `django_session` VALUES ('y4mqtvbojxr9inddono3shgbq2ewaoy0', '.eJxVjMsOwiAQRf-FtSE8SmFcuvcbyAwMUjU0Ke3K-O_apAvd3nPOfYmI21rj1nmJUxZnYUdx-h0J04PbTvId222WaW7rMpHcFXnQLq9z5uflcP8OKvb6rVMhpbUfgkGXLCFBMYoIg1V-ANCs2QDnEBQ7CF5nVKMHnYrz2SYP4v0BDBs35A:1pvxnn:1Wh9sS2q92kAZsrYE-vva84bJGtCXqwtv-vLH1pRn34', '2023-05-22 18:09:07.232068');
INSERT INTO `django_session` VALUES ('y5jztb8wv8mfc67lblqga5qf29i7huxg', '.eJxVjDsOwjAQBe_iGln-26Gkzxms9e4aB1Ai5VMh7k4ipYD2zcx7iwzb2vK28JwHEldhlbj8jgXwyeNB6AHjfZI4jes8FHko8qSL7Cfi1-10_w4aLG2vtfOxIAdGZh3YJIs1BU8a0VuTSnVK164LkKIPNgIQ7T45Bd4U5VB8vhsjOJM:1puZlG:X79gmKEoq-26vUtRlcoAOTQYsu6l18zevcx16Ko2MpM', '2023-05-18 22:16:46.170590');
INSERT INTO `django_session` VALUES ('y5vetgnrw991ji7re9doghg2rjyxsf2d', '.eJxVjDsOwjAQBe_iGln-26Gkzxms9e4aB1Ai5VMh7k4ipYD2zcx7iwzb2vK28JwHEldhlbj8jgXwyeNB6AHjfZI4jes8FHko8qSL7Cfi1-10_w4aLG2vtfOxIAdGZh3YJIs1BU8a0VuTSnVK164LkKIPNgIQ7T45Bd4U5VB8vhsjOJM:1pnLFc:QTFQZ1YPIcBlcwqiVgycPQpsexP0SeUaLmAvSHDI54E', '2023-04-28 23:22:12.843618');
INSERT INTO `django_session` VALUES ('y8k8xxsepcld6hf9rkttpu82c1uxp473', '.eJxVjDsOwjAQBe_iGln-26Gkzxms9e4aB1Ai5VMh7k4ipYD2zcx7iwzb2vK28JwHEldhlbj8jgXwyeNB6AHjfZI4jes8FHko8qSL7Cfi1-10_w4aLG2vtfOxIAdGZh3YJIs1BU8a0VuTSnVK164LkKIPNgIQ7T45Bd4U5VB8vhsjOJM:1pd4Wc:Md2BUB7qikWVA6aaU1e-AjSUFrhYTT5rW1NNkyzLZEs', '2023-03-31 15:29:18.080220');
INSERT INTO `django_session` VALUES ('yce29j729fzucgxmfnwzxvnj8d1igo2b', '.eJxVjDsOwjAQBe_iGln-26Gkzxms9e4aB1Ai5VMh7k4ipYD2zcx7iwzb2vK28JwHEldhlbj8jgXwyeNB6AHjfZI4jes8FHko8qSL7Cfi1-10_w4aLG2vtfOxIAdGZh3YJIs1BU8a0VuTSnVK164LkKIPNgIQ7T45Bd4U5VB8vhsjOJM:1pmQcv:y3VhLQl8Xvo2KmoWCVyvUJab66RgYfARDIm4t9n6xj4', '2023-04-26 10:54:29.501964');
INSERT INTO `django_session` VALUES ('yo10jqod2xiyuk3sani5l775mj7fmond', '.eJxVjDsOwjAQBe_iGln-26Gkzxms9e4aB1Ai5VMh7k4ipYD2zcx7iwzb2vK28JwHEldhlbj8jgXwyeNB6AHjfZI4jes8FHko8qSL7Cfi1-10_w4aLG2vtfOxIAdGZh3YJIs1BU8a0VuTSnVK164LkKIPNgIQ7T45Bd4U5VB8vhsjOJM:1pe5PG:k4vKj0xf0zKm2mXZlg8AiSUTt4KZLPo4YPP7Hy6RsFo', '2023-04-03 10:37:54.318102');
INSERT INTO `django_session` VALUES ('ysgas6tyamiyo5to69nwvpzafc74yta0', '.eJxVjDsOwjAQBe_iGln-26Gkzxms9e4aB1Ai5VMh7k4ipYD2zcx7iwzb2vK28JwHEldhlbj8jgXwyeNB6AHjfZI4jes8FHko8qSL7Cfi1-10_w4aLG2vtfOxIAdGZh3YJIs1BU8a0VuTSnVK164LkKIPNgIQ7T45Bd4U5VB8vhsjOJM:1q1SEW:9Uz2K6yTE6-H0Kj4JIMbfvO3iBpbc1iYkJiM8kI83WA', '2023-06-06 21:39:24.611607');
INSERT INTO `django_session` VALUES ('ysm2lhcgphwz7gk9n3l0utu7qoxfgq2o', '.eJxVjDsOwjAQBe_iGln-26Gkzxms9e4aB1Ai5VMh7k4ipYD2zcx7iwzb2vK28JwHEldhlbj8jgXwyeNB6AHjfZI4jes8FHko8qSL7Cfi1-10_w4aLG2vtfOxIAdGZh3YJIs1BU8a0VuTSnVK164LkKIPNgIQ7T45Bd4U5VB8vhsjOJM:1pgzGI:nWxdX4p-K9DpW8eSnvFzzPTgjUo9KzRLuDgdcNaGXEw', '2023-04-11 10:40:38.016283');
INSERT INTO `django_session` VALUES ('ytakk3sxu4tvf8vkl9qyopibpn4wu5ag', '.eJxVjDsOwjAQBe_iGln-26Gkzxms9e4aB1Ai5VMh7k4ipYD2zcx7iwzb2vK28JwHEldhlbj8jgXwyeNB6AHjfZI4jes8FHko8qSL7Cfi1-10_w4aLG2vtfOxIAdGZh3YJIs1BU8a0VuTSnVK164LkKIPNgIQ7T45Bd4U5VB8vhsjOJM:1pfioN:l5QijBm9A8hbXWXYbVZQMEXLObT04ldBmIAj_LMNL6s', '2023-04-07 22:54:35.767112');
INSERT INTO `django_session` VALUES ('zczna7bmafcvlbs0n93idp8z2gudpu66', '.eJxVjMEOwiAQRP-FsyFAl5b16L3fQBYWpGpoUtqT8d9tkx70Npn3Zt7C07YWv7W0-InFVYATl98yUHymehB-UL3PMs51XaYgD0WetMlx5vS6ne7fQaFW9nXnsDOc2TEbAO41KdYOc-gjArohImkKSluFAMYA22wpDtqm0O0RxecLA2g3uQ:1q6D5t:zIb_P51w4sU9kwZvYg1JDVGTIDkh0SAv1kxWWkERrAM', '2023-06-20 00:30:09.871752');
INSERT INTO `django_session` VALUES ('zgq8kesg36u6ci6htl5cccq00vhvss3u', '.eJxVjDsOwjAQBe_iGln-26Gkzxms9e4aB1Ai5VMh7k4ipYD2zcx7iwzb2vK28JwHEldhlbj8jgXwyeNB6AHjfZI4jes8FHko8qSL7Cfi1-10_w4aLG2vtfOxIAdGZh3YJIs1BU8a0VuTSnVK164LkKIPNgIQ7T45Bd4U5VB8vhsjOJM:1pynkW:0T-7Tc1dITchZ0M352KeebzcP9fcwNWr8LTgR06bmeI', '2023-05-30 14:01:28.483807');
INSERT INTO `django_session` VALUES ('zgqc3938oxv6qs793y705tjc4uivtrba', '.eJxVjDsOwjAQBe_iGln-26Gkzxms9e4aB1Ai5VMh7k4ipYD2zcx7iwzb2vK28JwHEldhlbj8jgXwyeNB6AHjfZI4jes8FHko8qSL7Cfi1-10_w4aLG2vtfOxIAdGZh3YJIs1BU8a0VuTSnVK164LkKIPNgIQ7T45Bd4U5VB8vhsjOJM:1pdqJY:SaZ15A8ozAChaSQe4VPPACB8E3lhJPlb2J-h0a3gRZw', '2023-04-02 18:31:00.818574');
INSERT INTO `django_session` VALUES ('zixohnix6bhitkg8omt2m4wtn0fjkza8', '.eJxVjDsOwjAQBe_iGln-26Gkzxms9e4aB1Ai5VMh7k4ipYD2zcx7iwzb2vK28JwHEldhlbj8jgXwyeNB6AHjfZI4jes8FHko8qSL7Cfi1-10_w4aLG2vtfOxIAdGZh3YJIs1BU8a0VuTSnVK164LkKIPNgIQ7T45Bd4U5VB8vhsjOJM:1pg1Wk:P3gff44wpp7IZ54USDIXL4bjxeuTs-Ib0qFGORdD9LI', '2023-04-08 18:53:38.860825');
INSERT INTO `django_session` VALUES ('zj0abllprfjksz6kzxd1xf8m9jjit0k3', '.eJxVjDsOwjAQBe_iGln-26Gkzxms9e4aB1Ai5VMh7k4ipYD2zcx7iwzb2vK28JwHEldhlbj8jgXwyeNB6AHjfZI4jes8FHko8qSL7Cfi1-10_w4aLG2vtfOxIAdGZh3YJIs1BU8a0VuTSnVK164LkKIPNgIQ7T45Bd4U5VB8vhsjOJM:1pbchM:kEWvhISQlOOa2rvB6u_sVUo4uFtTby9Quc9Yi0RZapU', '2023-03-27 15:34:24.355746');
INSERT INTO `django_session` VALUES ('zq8itn4wr7v4f8wz0pp5g0zuqedn88xp', '.eJxVjDEOwjAMRe-SGUW2SXHFyM4ZIidxSAGlUtNOiLtDpA6w_vf-exkv21r81nTxUzJnQ2QOv2OQ-NDaSbpLvc02znVdpmC7Ynfa7HVO-rzs7l-gSCu9C6OEEYSJUxpIkGngUw4glCEC5MzkHAOKQ8dRQVCPHFS_B2RB8_4A8ao3ew:1pR1un:nOtvuCUEgTN6hfN-yRrC76ZDchcQBDTSegvqF8RC8-A', '2023-02-26 10:16:29.543138');
INSERT INTO `django_session` VALUES ('zse70nmus21fhnqr25r2xb8hzs1h30zz', '.eJxVjDsOwjAQBe_iGln-26Gkzxms9e4aB1Ai5VMh7k4ipYD2zcx7iwzb2vK28JwHEldhlbj8jgXwyeNB6AHjfZI4jes8FHko8qSL7Cfi1-10_w4aLG2vtfOxIAdGZh3YJIs1BU8a0VuTSnVK164LkKIPNgIQ7T45Bd4U5VB8vhsjOJM:1q6W3j:3WAXV8i5VIuX_CEg5s0j78-6uhQmzIuY5x2PB5wFqL0', '2023-06-20 20:45:11.713788');
INSERT INTO `django_session` VALUES ('zspoyjbgcg2modarh6rz9zbdwhlmrzyy', '.eJxVjDsOwjAQBe_iGln-26Gkzxms9e4aB1Ai5VMh7k4ipYD2zcx7iwzb2vK28JwHEldhlbj8jgXwyeNB6AHjfZI4jes8FHko8qSL7Cfi1-10_w4aLG2vtfOxIAdGZh3YJIs1BU8a0VuTSnVK164LkKIPNgIQ7T45Bd4U5VB8vhsjOJM:1q0Jt5:t0e6hVVPCih7a48q8x4v0WhzhcHoCkAguCcxlOnTCv4', '2023-06-03 18:32:35.033977');

-- ----------------------------
-- Table structure for myadmin_mychunkedupload
-- ----------------------------
DROP TABLE IF EXISTS `myadmin_mychunkedupload`;
CREATE TABLE `myadmin_mychunkedupload`  (
  `id` int NOT NULL AUTO_INCREMENT,
  `upload_id` varchar(32) CHARACTER SET utf8 COLLATE utf8_general_ci NOT NULL,
  `file` varchar(255) CHARACTER SET utf8 COLLATE utf8_general_ci NOT NULL,
  `filename` varchar(255) CHARACTER SET utf8 COLLATE utf8_general_ci NOT NULL,
  `offset` bigint NOT NULL,
  `created_on` datetime(6) NOT NULL,
  `status` smallint UNSIGNED NOT NULL,
  `completed_on` datetime(6) NULL DEFAULT NULL,
  `user_id` int NULL DEFAULT NULL,
  PRIMARY KEY (`id`) USING BTREE,
  UNIQUE INDEX `upload_id`(`upload_id` ASC) USING BTREE,
  INDEX `myadmin_mychunkedupload_user_id_5f9801cf_fk_v_user_id`(`user_id` ASC) USING BTREE,
  CONSTRAINT `myadmin_mychunkedupload_user_id_5f9801cf_fk_v_user_id` FOREIGN KEY (`user_id`) REFERENCES `v_user` (`id`) ON DELETE RESTRICT ON UPDATE RESTRICT
) ENGINE = InnoDB AUTO_INCREMENT = 16 CHARACTER SET = utf8 COLLATE = utf8_general_ci ROW_FORMAT = Dynamic;

-- ----------------------------
-- Records of myadmin_mychunkedupload
-- ----------------------------
INSERT INTO `myadmin_mychunkedupload` VALUES (1, '92821472cb4f457aa80b0b53c8c48868', 'chunked_uploads/2022/12/08/92821472cb4f457aa80b0b53c8c48868.part', '.mp4', 24372358, '2022-12-08 21:37:57.942205', 2, '2022-12-08 21:38:13.072167', 1);
INSERT INTO `myadmin_mychunkedupload` VALUES (2, 'a54edee839164b26a106dab04749a1a4', 'chunked_uploads/2022/12/08/a54edee839164b26a106dab04749a1a4.part', '.mp4', 24372358, '2022-12-08 21:41:37.754645', 2, '2022-12-08 21:41:53.567132', 1);
INSERT INTO `myadmin_mychunkedupload` VALUES (3, '0fb5f4bbabd440b4b88c935c78f7f946', 'chunked_uploads/2022/12/09/0fb5f4bbabd440b4b88c935c78f7f946.part', 'big_buck_bunny.mp4', 5510872, '2022-12-09 11:38:05.109129', 2, '2022-12-09 11:38:13.138468', 1);
INSERT INTO `myadmin_mychunkedupload` VALUES (4, 'd709e9ca06c2425aa85a7a92ab0c5dd1', 'chunked_uploads/2022/12/09/d709e9ca06c2425aa85a7a92ab0c5dd1.part', 'big_buck_bunny.mp4', 5510872, '2022-12-09 11:39:01.123124', 2, '2022-12-09 11:39:07.757886', 1);
INSERT INTO `myadmin_mychunkedupload` VALUES (5, '0ff7b163fdf54527bbc1837d1301b410', 'chunked_uploads/2022/12/09/0ff7b163fdf54527bbc1837d1301b410.part', 'big_buck_bunny.mp4', 5510872, '2022-12-09 11:39:33.518793', 2, '2022-12-09 11:39:40.096935', 1);
INSERT INTO `myadmin_mychunkedupload` VALUES (6, '990f0be00ce24bdca521a2a84c7ffcd9', 'chunked_uploads/2022/12/09/990f0be00ce24bdca521a2a84c7ffcd9.part', 'big_buck_bunny.mp4', 5510872, '2022-12-09 11:40:35.638248', 2, '2022-12-09 11:40:41.966408', 1);
INSERT INTO `myadmin_mychunkedupload` VALUES (7, 'd9619bb25e6f4450ba9b835b079191a0', 'chunked_uploads/2022/12/09/d9619bb25e6f4450ba9b835b079191a0.part', 'big_buck_bunny.mp4', 5510872, '2022-12-09 11:41:02.678390', 2, '2022-12-09 11:41:09.319010', 1);
INSERT INTO `myadmin_mychunkedupload` VALUES (8, '192b1b62faa443c49140c4247c4f7765', 'chunked_uploads/2022/12/09/192b1b62faa443c49140c4247c4f7765.part', 'big_buck_bunny.mp4', 5510872, '2022-12-09 11:41:41.022104', 2, '2022-12-09 11:41:47.256468', 1);
INSERT INTO `myadmin_mychunkedupload` VALUES (9, 'd6bf0a17533245f6931a3c8a5bc2355d', 'chunked_uploads/2023/01/12/d6bf0a17533245f6931a3c8a5bc2355d.part', '----5.mp4', 3500000, '2023-01-12 20:46:42.176431', 1, NULL, 1);
INSERT INTO `myadmin_mychunkedupload` VALUES (10, '106b93efb60b4186a9b7da36c1383de9', 'chunked_uploads/2023/01/12/106b93efb60b4186a9b7da36c1383de9.part', 'TG-2023-01-12-073641914.mp4', 4775529, '2023-01-12 20:49:36.108723', 2, '2023-01-12 20:49:47.999304', 1);
INSERT INTO `myadmin_mychunkedupload` VALUES (11, '1b2a0b9ab33f4a0db27d2e7758d7f853', 'chunked_uploads/2023/01/12/1b2a0b9ab33f4a0db27d2e7758d7f853.part', '.mp4', 24372358, '2023-01-12 20:52:42.323108', 2, '2023-01-12 20:52:59.269449', 1);
INSERT INTO `myadmin_mychunkedupload` VALUES (12, '3a17d015ea574f9da15f47bd6586ad87', 'chunked_uploads/2023/01/12/3a17d015ea574f9da15f47bd6586ad87.part', 'VID_20230112_205619.mp4', 5322951, '2023-01-12 20:56:37.033748', 2, '2023-01-12 20:56:51.119740', 1);
INSERT INTO `myadmin_mychunkedupload` VALUES (13, '858636aa3241412f81f209f972067cb8', 'chunked_uploads/2023/03/06/858636aa3241412f81f209f972067cb8.part', '.mp4', 24372358, '2023-03-06 21:27:20.001307', 2, '2023-03-06 21:27:35.645781', 1);
INSERT INTO `myadmin_mychunkedupload` VALUES (14, '0247dbccd90c4eeca15e0e33ed31bcf9', 'chunked_uploads/2023/03/06/0247dbccd90c4eeca15e0e33ed31bcf9.part', '.mp4', 24372358, '2023-03-06 21:29:13.595722', 2, '2023-03-06 21:29:29.239239', 1);
INSERT INTO `myadmin_mychunkedupload` VALUES (15, 'de22aaea747d4168b3feb1e93fd318be', 'chunked_uploads/2025/03/21/de22aaea747d4168b3feb1e93fd318be.part', '217(3).mp4', 7707647, '2025-03-21 00:03:51.099734', 2, '2025-03-21 00:03:53.119389', 57);

-- ----------------------------
-- Table structure for thumbnail_kvstore
-- ----------------------------
DROP TABLE IF EXISTS `thumbnail_kvstore`;
CREATE TABLE `thumbnail_kvstore`  (
  `key` varchar(200) CHARACTER SET utf8 COLLATE utf8_general_ci NOT NULL,
  `value` longtext CHARACTER SET utf8 COLLATE utf8_general_ci NOT NULL,
  PRIMARY KEY (`key`) USING BTREE
) ENGINE = InnoDB CHARACTER SET = utf8 COLLATE = utf8_general_ci ROW_FORMAT = Dynamic;

-- ----------------------------
-- Records of thumbnail_kvstore
-- ----------------------------
INSERT INTO `thumbnail_kvstore` VALUES ('sorl-thumbnail||image||0003982dc6b8be5754ed5a936184cf38', '{\"name\": \"avatar/001.jpg\", \"storage\": \"django.core.files.storage.FileSystemStorage\", \"size\": [276, 257]}');
INSERT INTO `thumbnail_kvstore` VALUES ('sorl-thumbnail||image||01f58bd34945b97de2e26c49de847b9d', '{\"name\": \"avatar/QQ\\u56fe\\u724720230415125824.png\", \"storage\": \"django.core.files.storage.FileSystemStorage\", \"size\": [512, 461]}');
INSERT INTO `thumbnail_kvstore` VALUES ('sorl-thumbnail||image||0fed479566d0cf263a0fbb7fd218df90', '{\"name\": \"cover/\\u4e0b\\u8f7d.jpg\", \"storage\": \"django.core.files.storage.FileSystemStorage\", \"size\": [474, 343]}');
INSERT INTO `thumbnail_kvstore` VALUES ('sorl-thumbnail||image||112141ca97606ed293759850141aea78', '{\"name\": \"cover/20190301125102646_mn7cKTk.png\", \"storage\": \"django.core.files.storage.FileSystemStorage\", \"size\": [794, 442]}');
INSERT INTO `thumbnail_kvstore` VALUES ('sorl-thumbnail||image||178662dc8bd97f26ebebcaff27029731', '{\"name\": \"cache/40/2f/402fc24d29ba2d732fda22e2e6875e8f.jpg\", \"storage\": \"django.core.files.storage.FileSystemStorage\", \"size\": [300, 200]}');
INSERT INTO `thumbnail_kvstore` VALUES ('sorl-thumbnail||image||1c4315a8bf1d8e25a551d940e0097c8c', '{\"name\": \"avatar/Plot_Twist_-_Moon_Formed_Within_Hours_Instead_of_Millions_of_Years.mp4.00_01_10_1_rlb10eg.png\", \"storage\": \"django.core.files.storage.FileSystemStorage\", \"size\": [1920, 1080]}');
INSERT INTO `thumbnail_kvstore` VALUES ('sorl-thumbnail||image||1de6b63fac2a6148ebe129ccea09e0ca', '{\"name\": \"cover/i111_2CfRoLH.jpg\", \"storage\": \"django.core.files.storage.FileSystemStorage\", \"size\": [1280, 1280]}');
INSERT INTO `thumbnail_kvstore` VALUES ('sorl-thumbnail||image||2461cf93ce6f8293018bdf3c02a47b78', '{\"name\": \"cache/12/50/1250d3aed64b7ab0994706f2cf15e5c6.jpg\", \"storage\": \"django.core.files.storage.FileSystemStorage\", \"size\": [300, 200]}');
INSERT INTO `thumbnail_kvstore` VALUES ('sorl-thumbnail||image||266ede1426ac69cea0ac0d8311a9148d', '{\"name\": \"cache/07/81/07818a03db785023a59bac4dab852cc3.jpg\", \"storage\": \"django.core.files.storage.FileSystemStorage\", \"size\": [200, 200]}');
INSERT INTO `thumbnail_kvstore` VALUES ('sorl-thumbnail||image||2e32d5092cd143009be37c674f636646', '{\"name\": \"cache/8d/00/8d002b99c6374142ae4620cf4d361c25.jpg\", \"storage\": \"django.core.files.storage.FileSystemStorage\", \"size\": [300, 200]}');
INSERT INTO `thumbnail_kvstore` VALUES ('sorl-thumbnail||image||39d8fe5e331328bbabbf6683fa338535', '{\"name\": \"cache/73/0c/730c2c7d19cf76b9461aac25205fa845.jpg\", \"storage\": \"django.core.files.storage.FileSystemStorage\", \"size\": [300, 200]}');
INSERT INTO `thumbnail_kvstore` VALUES ('sorl-thumbnail||image||3cb1767992a2fe4140a9e929954c5dc3', '{\"name\": \"cache/70/41/7041c7f9767d85f59a1197ed8fd48881.jpg\", \"storage\": \"django.core.files.storage.FileSystemStorage\", \"size\": [300, 200]}');
INSERT INTO `thumbnail_kvstore` VALUES ('sorl-thumbnail||image||3f07ae2aec6d5a28d4ae08f79a994614', '{\"name\": \"cover/th_9L2jHU9.jpg\", \"storage\": \"django.core.files.storage.FileSystemStorage\", \"size\": [200, 150]}');
INSERT INTO `thumbnail_kvstore` VALUES ('sorl-thumbnail||image||4cb9340eb61fcb533182f6545e4ff15a', '{\"name\": \"cover/i111.jpg\", \"storage\": \"django.core.files.storage.FileSystemStorage\", \"size\": [1280, 1280]}');
INSERT INTO `thumbnail_kvstore` VALUES ('sorl-thumbnail||image||4db3aff32667eb3fc850d3034d435004', '{\"name\": \"cache/6c/57/6c577e6bf19c094d12f439d3fe527bc1.jpg\", \"storage\": \"django.core.files.storage.FileSystemStorage\", \"size\": [200, 200]}');
INSERT INTO `thumbnail_kvstore` VALUES ('sorl-thumbnail||image||58a2b903af1bb24a6a5faae0a4651d82', '{\"name\": \"cache/7b/fd/7bfda21d12475472ed94242b01c40149.jpg\", \"storage\": \"django.core.files.storage.FileSystemStorage\", \"size\": [300, 200]}');
INSERT INTO `thumbnail_kvstore` VALUES ('sorl-thumbnail||image||5e08578e77279807a28af33759709825', '{\"name\": \"cache/a7/f3/a7f32545cd76a0c97bd2871e990a62be.jpg\", \"storage\": \"django.core.files.storage.FileSystemStorage\", \"size\": [200, 200]}');
INSERT INTO `thumbnail_kvstore` VALUES ('sorl-thumbnail||image||66714ec9ca6568f8a20c48792b8efdd4', '{\"name\": \"cover/435af50e7574c4ad.png\", \"storage\": \"django.core.files.storage.FileSystemStorage\", \"size\": [810, 1440]}');
INSERT INTO `thumbnail_kvstore` VALUES ('sorl-thumbnail||image||6bccc206b396a85e3c10c47f7d3ebf96', '{\"name\": \"cover/2\\u670823\\u65e5.jpg\", \"storage\": \"django.core.files.storage.FileSystemStorage\", \"size\": [1920, 1080]}');
INSERT INTO `thumbnail_kvstore` VALUES ('sorl-thumbnail||image||7b77d79dba10430cffb72d78488a5bdf', '{\"name\": \"cache/38/88/3888b6934c86cb9d510cb6cb9b7bac94.jpg\", \"storage\": \"django.core.files.storage.FileSystemStorage\", \"size\": [300, 200]}');
INSERT INTO `thumbnail_kvstore` VALUES ('sorl-thumbnail||image||7e194342e7733fd9cb9648e877f7c67a', '{\"name\": \"cache/8c/80/8c80829dbc27e405ab04dfe7298e50eb.jpg\", \"storage\": \"django.core.files.storage.FileSystemStorage\", \"size\": [300, 200]}');
INSERT INTO `thumbnail_kvstore` VALUES ('sorl-thumbnail||image||80b577c49b8db9e9660c2a85da0a7cf5', '{\"name\": \"cache/bb/74/bb74b054865cffefe023a08a1fdeebb3.jpg\", \"storage\": \"django.core.files.storage.FileSystemStorage\", \"size\": [300, 200]}');
INSERT INTO `thumbnail_kvstore` VALUES ('sorl-thumbnail||image||8971ed63344b107b2b0540713d01bac0', '{\"name\": \"avatar/mmexport1673584280181.jpg\", \"storage\": \"django.core.files.storage.FileSystemStorage\", \"size\": [1080, 1198]}');
INSERT INTO `thumbnail_kvstore` VALUES ('sorl-thumbnail||image||9a48552bb8a76409b50cbb76fbeea91b', '{\"name\": \"cover/th.jpg\", \"storage\": \"django.core.files.storage.FileSystemStorage\", \"size\": [200, 150]}');
INSERT INTO `thumbnail_kvstore` VALUES ('sorl-thumbnail||image||9d5b656021077c50df6ee295bd5d487e', '{\"name\": \"cover/20190301125102646_Er745Fa.png\", \"storage\": \"django.core.files.storage.FileSystemStorage\", \"size\": [794, 442]}');
INSERT INTO `thumbnail_kvstore` VALUES ('sorl-thumbnail||image||9eaedbc8e28ae565acaf23e6b653a47d', '{\"name\": \"cover/5_GZBNEZZ.jpg\", \"storage\": \"django.core.files.storage.FileSystemStorage\", \"size\": [660, 371]}');
INSERT INTO `thumbnail_kvstore` VALUES ('sorl-thumbnail||image||ae1a141894ee35b07a41dcd7a8bb903e', '{\"name\": \"cache/2c/81/2c810537fbec2f6d472150d6c2f5708f.jpg\", \"storage\": \"django.core.files.storage.FileSystemStorage\", \"size\": [200, 200]}');
INSERT INTO `thumbnail_kvstore` VALUES ('sorl-thumbnail||image||b998a125939c651be00363b6955bd786', '{\"name\": \"cache/9e/4e/9e4e218f114182bdbd310d07e81fd0a9.jpg\", \"storage\": \"django.core.files.storage.FileSystemStorage\", \"size\": [300, 200]}');
INSERT INTO `thumbnail_kvstore` VALUES ('sorl-thumbnail||image||c920847523102e2c178a3824163b05a1', '{\"name\": \"avatar/QQ\\u56fe\\u724720230428214726.png\", \"storage\": \"django.core.files.storage.FileSystemStorage\", \"size\": [488, 512]}');
INSERT INTO `thumbnail_kvstore` VALUES ('sorl-thumbnail||image||e6f77f5338fa4db50bcc4f495e47811f', '{\"name\": \"cover/6.jpg\", \"storage\": \"django.core.files.storage.FileSystemStorage\", \"size\": [270, 385]}');
INSERT INTO `thumbnail_kvstore` VALUES ('sorl-thumbnail||image||ecebb28ccc48fc916b13855442ca6723', '{\"name\": \"cache/33/57/3357f9425fece0474a84fcf45a433c21.jpg\", \"storage\": \"django.core.files.storage.FileSystemStorage\", \"size\": [200, 200]}');
INSERT INTO `thumbnail_kvstore` VALUES ('sorl-thumbnail||image||f0ba47bf2af3a8c5906ecbfbb7aa91eb', '{\"name\": \"cache/3b/48/3b48ccc722bf8aa837a2167c638b06b8.jpg\", \"storage\": \"django.core.files.storage.FileSystemStorage\", \"size\": [300, 200]}');
INSERT INTO `thumbnail_kvstore` VALUES ('sorl-thumbnail||image||f2711b145ac46d4d3332f1d790d7750c', '{\"name\": \"cover/3_YyoUIHo.jpeg\", \"storage\": \"django.core.files.storage.FileSystemStorage\", \"size\": [285, 177]}');
INSERT INTO `thumbnail_kvstore` VALUES ('sorl-thumbnail||image||f45bc6e7b333a60c69c2400c2fa0f09e', '{\"name\": \"cache/dd/8b/dd8ba66e6a548fa4d916469f68c909ea.jpg\", \"storage\": \"django.core.files.storage.FileSystemStorage\", \"size\": [300, 200]}');
INSERT INTO `thumbnail_kvstore` VALUES ('sorl-thumbnail||image||fbab5074899f5ab8bbe94658af0c2c2d', '{\"name\": \"cache/31/f8/31f87427385a82e52edfa021814479b7.jpg\", \"storage\": \"django.core.files.storage.FileSystemStorage\", \"size\": [300, 200]}');
INSERT INTO `thumbnail_kvstore` VALUES ('sorl-thumbnail||image||ff1420e3089fa92d6952ae8f16dc03be', '{\"name\": \"cover/20190301125102646.png\", \"storage\": \"django.core.files.storage.FileSystemStorage\", \"size\": [794, 442]}');
INSERT INTO `thumbnail_kvstore` VALUES ('sorl-thumbnail||thumbnails||0003982dc6b8be5754ed5a936184cf38', '[\"ecebb28ccc48fc916b13855442ca6723\"]');
INSERT INTO `thumbnail_kvstore` VALUES ('sorl-thumbnail||thumbnails||01f58bd34945b97de2e26c49de847b9d', '[\"266ede1426ac69cea0ac0d8311a9148d\"]');
INSERT INTO `thumbnail_kvstore` VALUES ('sorl-thumbnail||thumbnails||0fed479566d0cf263a0fbb7fd218df90', '[\"f0ba47bf2af3a8c5906ecbfbb7aa91eb\"]');
INSERT INTO `thumbnail_kvstore` VALUES ('sorl-thumbnail||thumbnails||112141ca97606ed293759850141aea78', '[\"80b577c49b8db9e9660c2a85da0a7cf5\"]');
INSERT INTO `thumbnail_kvstore` VALUES ('sorl-thumbnail||thumbnails||1c4315a8bf1d8e25a551d940e0097c8c', '[\"4db3aff32667eb3fc850d3034d435004\"]');
INSERT INTO `thumbnail_kvstore` VALUES ('sorl-thumbnail||thumbnails||1de6b63fac2a6148ebe129ccea09e0ca', '[\"58a2b903af1bb24a6a5faae0a4651d82\"]');
INSERT INTO `thumbnail_kvstore` VALUES ('sorl-thumbnail||thumbnails||3f07ae2aec6d5a28d4ae08f79a994614', '[\"178662dc8bd97f26ebebcaff27029731\"]');
INSERT INTO `thumbnail_kvstore` VALUES ('sorl-thumbnail||thumbnails||4cb9340eb61fcb533182f6545e4ff15a', '[\"f45bc6e7b333a60c69c2400c2fa0f09e\"]');
INSERT INTO `thumbnail_kvstore` VALUES ('sorl-thumbnail||thumbnails||66714ec9ca6568f8a20c48792b8efdd4', '[\"3cb1767992a2fe4140a9e929954c5dc3\"]');
INSERT INTO `thumbnail_kvstore` VALUES ('sorl-thumbnail||thumbnails||6bccc206b396a85e3c10c47f7d3ebf96', '[\"fbab5074899f5ab8bbe94658af0c2c2d\"]');
INSERT INTO `thumbnail_kvstore` VALUES ('sorl-thumbnail||thumbnails||8971ed63344b107b2b0540713d01bac0', '[\"ae1a141894ee35b07a41dcd7a8bb903e\"]');
INSERT INTO `thumbnail_kvstore` VALUES ('sorl-thumbnail||thumbnails||9a48552bb8a76409b50cbb76fbeea91b', '[\"7e194342e7733fd9cb9648e877f7c67a\"]');
INSERT INTO `thumbnail_kvstore` VALUES ('sorl-thumbnail||thumbnails||9d5b656021077c50df6ee295bd5d487e', '[\"b998a125939c651be00363b6955bd786\"]');
INSERT INTO `thumbnail_kvstore` VALUES ('sorl-thumbnail||thumbnails||9eaedbc8e28ae565acaf23e6b653a47d', '[\"2e32d5092cd143009be37c674f636646\"]');
INSERT INTO `thumbnail_kvstore` VALUES ('sorl-thumbnail||thumbnails||c920847523102e2c178a3824163b05a1', '[\"5e08578e77279807a28af33759709825\"]');
INSERT INTO `thumbnail_kvstore` VALUES ('sorl-thumbnail||thumbnails||e6f77f5338fa4db50bcc4f495e47811f', '[\"2461cf93ce6f8293018bdf3c02a47b78\"]');
INSERT INTO `thumbnail_kvstore` VALUES ('sorl-thumbnail||thumbnails||f2711b145ac46d4d3332f1d790d7750c', '[\"7b77d79dba10430cffb72d78488a5bdf\"]');
INSERT INTO `thumbnail_kvstore` VALUES ('sorl-thumbnail||thumbnails||ff1420e3089fa92d6952ae8f16dc03be', '[\"39d8fe5e331328bbabbf6683fa338535\"]');

-- ----------------------------
-- Table structure for v_classification
-- ----------------------------
DROP TABLE IF EXISTS `v_classification`;
CREATE TABLE `v_classification`  (
  `id` int NOT NULL AUTO_INCREMENT,
  `title` varchar(100) CHARACTER SET utf8 COLLATE utf8_general_ci NULL DEFAULT NULL,
  `status` tinyint(1) NOT NULL,
  PRIMARY KEY (`id`) USING BTREE
) ENGINE = InnoDB AUTO_INCREMENT = 4 CHARACTER SET = utf8 COLLATE = utf8_general_ci ROW_FORMAT = Dynamic;

-- ----------------------------
-- Records of v_classification
-- ----------------------------
INSERT INTO `v_classification` VALUES (1, '', 1);
INSERT INTO `v_classification` VALUES (2, '', 1);
INSERT INTO `v_classification` VALUES (3, '', 1);

-- ----------------------------
-- Table structure for v_comment
-- ----------------------------
DROP TABLE IF EXISTS `v_comment`;
CREATE TABLE `v_comment`  (
  `id` int NOT NULL AUTO_INCREMENT,
  `nickname` varchar(30) CHARACTER SET utf8 COLLATE utf8_general_ci NULL DEFAULT NULL,
  `avatar` varchar(100) CHARACTER SET utf8 COLLATE utf8_general_ci NULL DEFAULT NULL,
  `content` varchar(100) CHARACTER SET utf8 COLLATE utf8_general_ci NOT NULL,
  `timestamp` datetime(6) NOT NULL,
  `user_id` int NOT NULL,
  `video_id` int NOT NULL,
  PRIMARY KEY (`id`) USING BTREE,
  INDEX `v_comment_user_id_58e38472_fk_v_user_id`(`user_id` ASC) USING BTREE,
  INDEX `v_comment_video_id_9258a191_fk_v_video_id`(`video_id` ASC) USING BTREE,
  CONSTRAINT `v_comment_user_id_58e38472_fk_v_user_id` FOREIGN KEY (`user_id`) REFERENCES `v_user` (`id`) ON DELETE RESTRICT ON UPDATE RESTRICT,
  CONSTRAINT `v_comment_video_id_9258a191_fk_v_video_id` FOREIGN KEY (`video_id`) REFERENCES `v_video` (`id`) ON DELETE RESTRICT ON UPDATE RESTRICT
) ENGINE = InnoDB AUTO_INCREMENT = 70 CHARACTER SET = utf8 COLLATE = utf8_general_ci ROW_FORMAT = Dynamic;

-- ----------------------------
-- Records of v_comment
-- ----------------------------
INSERT INTO `v_comment` VALUES (1, NULL, '', '', '2022-12-09 11:42:30.370714', 1, 7);
INSERT INTO `v_comment` VALUES (2, NULL, '', '111', '2022-12-09 11:42:43.089405', 1, 8);
INSERT INTO `v_comment` VALUES (3, NULL, '', '333', '2022-12-09 11:42:56.580609', 1, 6);
INSERT INTO `v_comment` VALUES (4, NULL, '', 'kankanneed', '2022-12-11 01:19:55.945575', 2, 5);
INSERT INTO `v_comment` VALUES (5, NULL, '', '66', '2022-12-11 17:30:58.616834', 3, 1);
INSERT INTO `v_comment` VALUES (6, NULL, '', '123', '2022-12-18 19:19:13.597041', 5, 8);
INSERT INTO `v_comment` VALUES (7, NULL, '', 'nice work!!!', '2022-12-27 10:58:43.047582', 8, 8);
INSERT INTO `v_comment` VALUES (8, NULL, '', 'comment again!', '2022-12-27 11:22:29.929922', 8, 8);
INSERT INTO `v_comment` VALUES (9, NULL, '', 'comment again!', '2022-12-27 11:22:31.398656', 8, 8);
INSERT INTO `v_comment` VALUES (10, NULL, '', 'comment again!', '2022-12-27 11:22:33.023672', 8, 8);
INSERT INTO `v_comment` VALUES (11, NULL, '', 'comment again!', '2022-12-27 11:22:33.976797', 8, 8);
INSERT INTO `v_comment` VALUES (12, NULL, '', '', '2023-02-17 10:13:37.498963', 24, 4);
INSERT INTO `v_comment` VALUES (13, NULL, '', '', '2023-02-17 18:07:10.611156', 25, 11);
INSERT INTO `v_comment` VALUES (14, NULL, '', '', '2023-02-20 19:16:28.010742', 24, 10);
INSERT INTO `v_comment` VALUES (15, NULL, '', '111', '2023-02-20 19:25:51.821319', 24, 10);
INSERT INTO `v_comment` VALUES (16, NULL, '', 'aaa', '2023-03-04 19:23:34.780500', 29, 10);
INSERT INTO `v_comment` VALUES (17, NULL, '', '', '2023-03-06 21:31:34.967332', 1, 13);
INSERT INTO `v_comment` VALUES (18, NULL, '', 'jhhggfds', '2023-03-06 21:31:41.217319', 1, 13);
INSERT INTO `v_comment` VALUES (19, NULL, '', '988888yyyyy', '2023-03-06 21:31:54.561010', 1, 12);
INSERT INTO `v_comment` VALUES (20, NULL, '', 'dddd', '2023-03-08 10:40:09.033190', 30, 13);
INSERT INTO `v_comment` VALUES (21, NULL, '', '666', '2023-03-09 19:29:00.263127', 30, 13);
INSERT INTO `v_comment` VALUES (22, NULL, '', 'hello', '2023-03-16 22:41:40.762550', 30, 8);
INSERT INTO `v_comment` VALUES (23, NULL, '', '', '2023-03-17 16:30:13.511555', 30, 1);
INSERT INTO `v_comment` VALUES (24, NULL, '', 'dsadasdsa', '2023-03-27 12:25:41.265161', 32, 12);
INSERT INTO `v_comment` VALUES (25, 'shierw', '', 'hhhh', '2023-04-10 13:51:19.046700', 30, 11);
INSERT INTO `v_comment` VALUES (26, 'shierw', 'avatar/001.jpg', '00000', '2023-04-15 07:28:40.404407', 30, 12);
INSERT INTO `v_comment` VALUES (27, NULL, '', '', '2023-04-15 12:32:41.137548', 34, 3);
INSERT INTO `v_comment` VALUES (28, 'shierw', 'avatar/001.jpg', 'hjhjlj', '2023-04-17 18:27:43.149281', 30, 5);
INSERT INTO `v_comment` VALUES (29, 'shierw', 'avatar/001.jpg', 'jhljhjlhkl', '2023-04-17 18:27:47.116090', 30, 5);
INSERT INTO `v_comment` VALUES (30, 'shierw', 'avatar/001.jpg', 'hahahah1', '2023-04-18 09:34:45.150914', 30, 12);
INSERT INTO `v_comment` VALUES (31, 'shierw', 'avatar/001.jpg', '', '2023-04-20 19:55:20.344281', 30, 10);
INSERT INTO `v_comment` VALUES (32, 'shierw', 'avatar/001.jpg', '...', '2023-04-21 10:20:10.838100', 30, 13);
INSERT INTO `v_comment` VALUES (33, NULL, '', '+666666', '2023-04-22 11:33:05.755646', 35, 13);
INSERT INTO `v_comment` VALUES (34, 'shierw', 'avatar/001.jpg', '', '2023-04-25 17:31:58.368603', 30, 13);
INSERT INTO `v_comment` VALUES (35, '', 'avatar/001.jpg', '1', '2023-04-27 11:45:11.462320', 30, 2);
INSERT INTO `v_comment` VALUES (36, '', 'avatar/001.jpg', 'ceasdad', '2023-04-28 19:21:52.542452', 30, 13);
INSERT INTO `v_comment` VALUES (37, '', 'avatar/001.jpg', '666', '2023-05-08 12:57:26.873654', 30, 12);
INSERT INTO `v_comment` VALUES (38, '', 'avatar/001.jpg', '123', '2023-05-08 12:57:38.154880', 30, 12);
INSERT INTO `v_comment` VALUES (39, '9527', '', '1', '2023-05-08 13:01:15.064261', 39, 13);
INSERT INTO `v_comment` VALUES (40, '9527', 'avatar/001.jpg', '123', '2023-05-08 15:48:41.369834', 30, 13);
INSERT INTO `v_comment` VALUES (41, '9527', 'avatar/001.jpg', '123', '2023-05-08 16:10:32.821284', 30, 13);
INSERT INTO `v_comment` VALUES (42, '9527', 'avatar/001.jpg', '123', '2023-05-08 16:18:05.231481', 30, 13);
INSERT INTO `v_comment` VALUES (43, '9527', 'avatar/001.jpg', '123', '2023-05-08 16:19:50.264006', 30, 13);
INSERT INTO `v_comment` VALUES (44, '9527', 'avatar/001.jpg', '123', '2023-05-08 16:25:45.717430', 30, 4);
INSERT INTO `v_comment` VALUES (45, '9527', 'avatar/001.jpg', '', '2023-05-10 10:45:46.177860', 30, 13);
INSERT INTO `v_comment` VALUES (46, '9527', 'avatar/001.jpg', 'f', '2023-05-10 10:45:51.279370', 30, 13);
INSERT INTO `v_comment` VALUES (47, '9527', 'avatar/001.jpg', '', '2023-05-10 15:21:20.490374', 30, 12);
INSERT INTO `v_comment` VALUES (48, '9527', 'avatar/001.jpg', 'qq', '2023-05-12 00:31:32.767514', 30, 13);
INSERT INTO `v_comment` VALUES (49, NULL, '', '', '2023-06-02 22:10:58.837620', 46, 11);
INSERT INTO `v_comment` VALUES (50, NULL, '', 'Hzxy', '2023-06-04 15:50:04.677853', 47, 13);
INSERT INTO `v_comment` VALUES (51, '', 'avatar/001.jpg', '', '2023-06-11 09:20:02.883760', 30, 6);
INSERT INTO `v_comment` VALUES (52, '', 'avatar/001.jpg', '12', '2023-06-11 09:20:11.013652', 30, 6);
INSERT INTO `v_comment` VALUES (53, '', 'avatar/001.jpg', 'sadd', '2023-06-12 09:57:41.450135', 30, 8);
INSERT INTO `v_comment` VALUES (54, '', 'avatar/001.jpg', '<script>alert(\"xss\");</script>', '2023-06-15 16:50:21.098059', 30, 13);
INSERT INTO `v_comment` VALUES (55, '', 'avatar/001.jpg', 'www', '2023-06-19 09:36:25.040446', 30, 10);
INSERT INTO `v_comment` VALUES (56, NULL, '', '\"-prompt(8)-\"', '2023-06-27 01:13:21.680501', 53, 13);
INSERT INTO `v_comment` VALUES (57, NULL, '', '</scrip</script>t><img src =q onerror=prompt(8)>', '2023-06-27 01:13:57.353717', 53, 13);
INSERT INTO `v_comment` VALUES (58, NULL, '', '<script\\x0Atype=\"text/javascript\">javascript:alert(1);</script>', '2023-06-27 01:14:14.101236', 53, 13);
INSERT INTO `v_comment` VALUES (59, '', 'avatar/001.jpg', '<img/src/onerror=prompt(8)>', '2023-06-27 01:36:10.212939', 30, 13);
INSERT INTO `v_comment` VALUES (60, '', 'avatar/001.jpg', '\'-prompt(8)-\'', '2023-06-27 01:36:44.123972', 30, 13);
INSERT INTO `v_comment` VALUES (61, '', 'avatar/001.jpg', '<img/src/onerror=prompt(8)>', '2023-06-27 01:36:44.123972', 30, 13);
INSERT INTO `v_comment` VALUES (62, '', 'avatar/001.jpg', '<figcaption onkeydown=\"alert(1)\" contenteditable>test</figcaption>', '2023-06-27 01:37:36.036387', 30, 13);
INSERT INTO `v_comment` VALUES (63, '', 'avatar/001.jpg', '<figcaption onkeypress=\"alert(1)\" contenteditable>test</figcaption>', '2023-06-27 01:37:36.066877', 30, 13);
INSERT INTO `v_comment` VALUES (64, '', 'avatar/001.jpg', '<plaintext onclick=\"alert(1)\">test</plaintext>', '2023-06-27 01:38:36.119839', 30, 13);
INSERT INTO `v_comment` VALUES (65, '', 'avatar/001.jpg', '<plaintext oncontextmenu=\"alert(1)\">test</plaintext>', '2023-06-27 01:38:36.135451', 30, 13);
INSERT INTO `v_comment` VALUES (66, '', 'avatar/001.jpg', '6', '2023-06-27 16:01:23.242996', 30, 11);
INSERT INTO `v_comment` VALUES (67, '', 'avatar/001.jpg', '111', '2023-07-02 11:07:16.888435', 30, 10);
INSERT INTO `v_comment` VALUES (68, NULL, '', '', '2023-07-03 17:22:24.091231', 55, 2);
INSERT INTO `v_comment` VALUES (69, '', 'avatar/001.jpg', '666', '2023-07-06 19:11:40.152323', 30, 11);

-- ----------------------------
-- Table structure for v_feedback
-- ----------------------------
DROP TABLE IF EXISTS `v_feedback`;
CREATE TABLE `v_feedback`  (
  `id` int NOT NULL AUTO_INCREMENT,
  `contact` varchar(20) CHARACTER SET utf8 COLLATE utf8_general_ci NULL DEFAULT NULL,
  `content` varchar(200) CHARACTER SET utf8 COLLATE utf8_general_ci NULL DEFAULT NULL,
  `timestamp` datetime(6) NULL DEFAULT NULL,
  PRIMARY KEY (`id`) USING BTREE
) ENGINE = InnoDB AUTO_INCREMENT = 3 CHARACTER SET = utf8 COLLATE = utf8_general_ci ROW_FORMAT = Dynamic;

-- ----------------------------
-- Records of v_feedback
-- ----------------------------
INSERT INTO `v_feedback` VALUES (2, '15917143444', '123456', '2023-05-08 13:04:15.028630');

-- ----------------------------
-- Table structure for v_user
-- ----------------------------
DROP TABLE IF EXISTS `v_user`;
CREATE TABLE `v_user`  (
  `id` int NOT NULL AUTO_INCREMENT,
  `password` varchar(128) CHARACTER SET utf8 COLLATE utf8_general_ci NOT NULL,
  `last_login` datetime(6) NULL DEFAULT NULL,
  `is_superuser` tinyint(1) NOT NULL,
  `username` varchar(150) CHARACTER SET utf8 COLLATE utf8_general_ci NOT NULL,
  `first_name` varchar(150) CHARACTER SET utf8 COLLATE utf8_general_ci NOT NULL,
  `last_name` varchar(150) CHARACTER SET utf8 COLLATE utf8_general_ci NOT NULL,
  `email` varchar(254) CHARACTER SET utf8 COLLATE utf8_general_ci NOT NULL,
  `is_staff` tinyint(1) NOT NULL,
  `is_active` tinyint(1) NOT NULL,
  `date_joined` datetime(6) NOT NULL,
  `nickname` varchar(20) CHARACTER SET utf8 COLLATE utf8_general_ci NULL DEFAULT NULL,
  `avatar` varchar(100) CHARACTER SET utf8 COLLATE utf8_general_ci NOT NULL,
  `mobile` varchar(13) CHARACTER SET utf8 COLLATE utf8_general_ci NULL DEFAULT NULL,
  `gender` varchar(1) CHARACTER SET utf8 COLLATE utf8_general_ci NULL DEFAULT NULL,
  `subscribe` tinyint(1) NOT NULL,
  PRIMARY KEY (`id`) USING BTREE,
  UNIQUE INDEX `username`(`username` ASC) USING BTREE
) ENGINE = InnoDB AUTO_INCREMENT = 58 CHARACTER SET = utf8 COLLATE = utf8_general_ci ROW_FORMAT = Dynamic;

-- ----------------------------
-- Records of v_user
-- ----------------------------
INSERT INTO `v_user` VALUES (1, 'pbkdf2_sha256$260000$T6cvUyU7WXkFA5tncb6ji2$gOu3weBwfHGX+9dsqD1MDvjXqN0yxt585nhIqbWXIOA=', '2023-04-30 23:34:14.090525', 1, 'admin', '', '', 'admin@123.com', 1, 1, '2022-12-08 21:21:15.800574', NULL, '', NULL, NULL, 0);
INSERT INTO `v_user` VALUES (2, 'pbkdf2_sha256$260000$GoedTrhIIUnAvSV77yZBaq$uhRobceBaNrVuekG0q1/QrMTOWw+wZsF58gqpMIVJCI=', '2022-12-11 01:19:43.101838', 0, 'bailanbobi', '', '', '', 0, 1, '2022-12-11 01:19:42.664346', NULL, '', NULL, NULL, 0);
INSERT INTO `v_user` VALUES (3, 'pbkdf2_sha256$260000$MkAQLpf6pQrkSCHcuHfQrd$Uiy8KnNWaSPMpJNxzz19p1bBZwiUu9iBkA/QujE00oA=', '2022-12-11 17:30:22.960378', 0, 'wang', '', '', '', 0, 1, '2022-12-11 17:30:22.491632', NULL, '', NULL, NULL, 0);
INSERT INTO `v_user` VALUES (4, 'pbkdf2_sha256$260000$hFm6V2AKwcmrHSnsimIp84$fWnblOZ34zccWRVgfijg/Z/kQUdxFDd9I+nvor5urII=', '2022-12-13 15:36:35.225930', 0, 'admin2', '', '', '', 0, 1, '2022-12-13 15:36:34.710298', NULL, '', NULL, NULL, 0);
INSERT INTO `v_user` VALUES (5, 'pbkdf2_sha256$260000$g3nO35qqE7Cow4vekhRwpj$fvxFYEsDHswXtASAwqhs+CqJ9q7kqUrzMfbQG/mJsJA=', '2022-12-16 00:03:00.520699', 0, 'yuheng123', '', '', '', 0, 1, '2022-12-16 00:03:00.051957', NULL, '', NULL, NULL, 0);
INSERT INTO `v_user` VALUES (6, 'pbkdf2_sha256$260000$Q4COhL4Y7C7CSNP2BPKdvD$NZApsZJiu+Me5Rym3x4mFcVbnM3FJixqxEr9j+UEX18=', '2022-12-17 03:56:20.050458', 0, '1111', '', '', '', 0, 1, '2022-12-17 03:56:19.472330', NULL, '', NULL, NULL, 0);
INSERT INTO `v_user` VALUES (7, 'pbkdf2_sha256$260000$Sn89e5ML3fXNWvFmSLwUL5$U2dNiXHhXjSNSf27Ss9GbqovSnraJvQH1fk0Nn0GM6s=', '2022-12-18 23:36:44.250551', 0, 'feefk', '', '', '', 0, 1, '2022-12-18 23:36:43.766176', NULL, '', NULL, NULL, 0);
INSERT INTO `v_user` VALUES (8, 'pbkdf2_sha256$260000$eJG2ntU4NWJvzyIuA7ECof$pbPq9n8f6CcDpeuqguLMI6HedF81d7wPmjlnD2CI1ss=', '2022-12-27 11:22:19.117434', 0, 'liliang', '', '', '', 0, 1, '2022-12-27 10:57:45.679458', NULL, '', NULL, NULL, 0);
INSERT INTO `v_user` VALUES (9, 'pbkdf2_sha256$260000$23AqMZ0aBKeWPy9cQHuljx$s7oRbKrqTAUHQ0AnQoMSs1v4jy+NsxK+AxxxXcwkHWY=', '2023-01-06 21:21:39.884117', 0, 'g1234', '', '', '', 0, 1, '2023-01-06 21:21:39.415381', NULL, '', NULL, NULL, 0);
INSERT INTO `v_user` VALUES (10, 'pbkdf2_sha256$260000$sRzr3rAyzxrd8vr09FTMFL$o/IWeEoRVNhQae6y75vLKuCwS8Inr4NL8xafhRd83ys=', '2023-01-06 21:22:17.061837', 0, 'yzzz', '', '', '', 0, 1, '2023-01-06 21:22:16.577478', NULL, '', NULL, NULL, 0);
INSERT INTO `v_user` VALUES (11, 'pbkdf2_sha256$260000$8JBrZm1EUO3agnsT3sqwEh$mGYnSRILOcsNwSgi5SW6Waas9wL2Ay4WOOnFDLQZKOY=', '2023-01-06 21:22:49.358649', 0, 'vickie', '', '', '', 0, 1, '2023-01-06 21:22:48.811783', NULL, '', NULL, NULL, 0);
INSERT INTO `v_user` VALUES (12, 'pbkdf2_sha256$260000$kuTrwTrrRu271nVzvCQn0c$F1UPDIrD4o/YEGRvNZWkQvGrreHx4amdYdepN8hioxc=', '2023-01-08 23:03:00.420294', 0, 'cxknb', '', '', '', 0, 1, '2023-01-08 23:02:59.967167', NULL, '', NULL, NULL, 0);
INSERT INTO `v_user` VALUES (13, 'pbkdf2_sha256$260000$yJ9gUljzUNFLKDAnutbxr9$VBcDtLBezKUIJzsAWTX90R1i0uuqjq67jBEs/QkQVEE=', '2023-01-09 00:32:12.890598', 0, 'test123', '', '', '', 0, 1, '2023-01-09 00:32:12.406230', NULL, '', NULL, NULL, 0);
INSERT INTO `v_user` VALUES (14, 'pbkdf2_sha256$260000$j2ENB35okO67NXnEDvXw4D$5j8mkj+fVZ6YM72p0SYSzUhw1iw1euht6B2j/EOi8TY=', '2023-01-10 18:06:34.459175', 0, '200818', '', '', '', 0, 1, '2023-01-10 18:06:33.974802', '', '', '', 'F', 1);
INSERT INTO `v_user` VALUES (15, 'pbkdf2_sha256$260000$yCCQAd8T9m1Qdl0jk4mOpI$WCRmUznz7H0KBuLPGSlKtEmX3BBiAUbFokElBggdpwc=', '2023-01-12 20:45:21.519954', 0, '', '', '', '', 0, 1, '2023-01-12 20:45:21.002414', '', '', '', 'M', 0);
INSERT INTO `v_user` VALUES (16, 'pbkdf2_sha256$260000$VhrEGyChP9bcK52m05A608$y8MV2HRTGwvKaoYOSylb3T7S/YaXnBDMv3VDByv8BsE=', '2023-01-16 16:58:31.600467', 0, 'test1005', '', '', '', 0, 1, '2023-01-16 16:58:31.109276', NULL, '', NULL, NULL, 0);
INSERT INTO `v_user` VALUES (17, 'pbkdf2_sha256$260000$0dCRYhakePnQeECuePrafz$DNdY9IBUcFnn8ObFS0nH4BZJDaYo8U43ExczTfxB7wY=', '2023-01-16 18:48:43.878963', 0, 'user01', '', '', '', 0, 1, '2023-01-16 18:48:43.347703', NULL, '', NULL, NULL, 0);
INSERT INTO `v_user` VALUES (18, 'pbkdf2_sha256$260000$WFW0FXab3VragQYkIEv1Vg$NGmbCdG9EF/wTzWJoXOAkh+p6T8O8QR5MmyzDuitAeE=', '2023-02-14 18:28:25.154725', 0, 'iiiiiit', '', '', '', 0, 1, '2023-01-17 17:16:57.575855', NULL, '', NULL, NULL, 0);
INSERT INTO `v_user` VALUES (19, 'pbkdf2_sha256$260000$C2zKGKGeXZ0SLF5QRdqV9p$zFT53xlsh9y0S192KByJXIWGbM5rgXWcKLr3xPV4WIk=', '2023-01-17 19:07:09.690334', 0, 'ROOT', '', '', 'root@myr.mo', 0, 1, '2023-01-17 19:07:09.235253', 'ROOT', 'avatar/mmexport1673584280181.jpg', '', 'F', 1);
INSERT INTO `v_user` VALUES (20, 'pbkdf2_sha256$260000$zJV0RBQLTvU7TLuXbeqFQH$bBXOFUPSGH+Fe/6uqVjtz7g86gvnSsl9cZ0rIvvE3tg=', '2023-01-28 16:38:10.059724', 0, 'root666', '', '', '', 0, 1, '2023-01-28 16:16:43.183701', NULL, '', NULL, NULL, 0);
INSERT INTO `v_user` VALUES (21, 'pbkdf2_sha256$260000$QEAws1OegDVhBidNClpKDC$jV/hpY7h5Lfswb8xKKVajJNK1z47hBaVb2vPJTXOaMA=', '2023-02-03 09:36:34.946095', 0, 'zzx8116', '', '', '', 0, 1, '2023-02-03 09:36:34.367979', NULL, '', NULL, NULL, 0);
INSERT INTO `v_user` VALUES (22, 'pbkdf2_sha256$260000$eAQlSxjxwmUK8saKj2lSAw$Fq9nG6sYbDH2S2pTIq4yRpWZA2I/6S1SKNj6MuYwSKE=', '2023-02-12 10:16:29.543138', 0, 'pppppp', '', '', '', 0, 1, '2023-02-12 10:16:29.105661', NULL, '', NULL, NULL, 0);
INSERT INTO `v_user` VALUES (23, 'pbkdf2_sha256$260000$f5scuqVl9CRFr6YOmfHNNz$iNVNRtr7vFgOgBYjJ1epm3z5DFAIDUJRdWO+S5t7oIk=', '2023-02-14 15:20:12.930184', 0, 'TCX5', '', '', '', 0, 1, '2023-02-14 15:20:12.492677', NULL, '', NULL, NULL, 0);
INSERT INTO `v_user` VALUES (24, 'pbkdf2_sha256$260000$70DvrL0VirDFZ6WkGRz5Ss$VcLUbnr5EBUDPKKnnFTnVs4XcWEVpV6vyPJmyqImDb0=', '2023-02-17 10:13:21.222556', 0, '', '', '', '', 0, 1, '2023-02-17 10:13:20.743070', NULL, '', NULL, NULL, 0);
INSERT INTO `v_user` VALUES (25, 'pbkdf2_sha256$260000$raSxPnHypiWqx3FdID1ClP$YdiIObTXNHZ7GHN4U56ewIkRIbr6g7oCrtCQ9+IwwlA=', '2023-02-17 18:07:01.376760', 0, 'zhanglijie', '', '', '', 0, 1, '2023-02-17 18:07:00.783004', NULL, '', NULL, NULL, 0);
INSERT INTO `v_user` VALUES (26, 'pbkdf2_sha256$260000$WRW3UMo8kbx1g5QSomqknM$vYw0FvKtMv8Ta93k4EWLlshoYGDmFquYpEM4EE3ppPU=', '2023-02-24 12:27:10.372564', 0, 'llza', '', '', '', 0, 1, '2023-02-24 12:27:09.903808', NULL, '', NULL, NULL, 0);
INSERT INTO `v_user` VALUES (27, 'pbkdf2_sha256$260000$ItZ8xDlz5N29TJsnQQeaY3$uNnFigm5koZedAobBFQfGyDY4H07YOFC6UUa6svUp3o=', '2023-03-23 21:20:37.608887', 0, 'hhgg', '', '', '', 0, 1, '2023-02-24 18:11:46.093785', NULL, '', NULL, NULL, 0);
INSERT INTO `v_user` VALUES (28, 'pbkdf2_sha256$260000$byjqzskMnn8VhqO6cEp5jW$H3yrx8DkCu53QAjl2y9BtnOdBk48B17ajnZ8tYkuL7o=', '2023-02-26 21:21:25.999662', 0, 'testt', '', '', '', 0, 1, '2023-02-26 21:21:25.530901', NULL, '', NULL, NULL, 0);
INSERT INTO `v_user` VALUES (29, 'pbkdf2_sha256$260000$WROfdQa0ZzEpIUZle6vZ3F$CZ3u/e+I9TLx0Rmuo3jP6C4kvuGJaTjcVUCiMGbWeBM=', '2023-03-04 19:21:59.259350', 0, '2111', '', '', '', 0, 1, '2023-03-04 19:21:58.759342', NULL, '', NULL, NULL, 0);
INSERT INTO `v_user` VALUES (30, 'pbkdf2_sha256$260000$dCqfoXVN93jSb9P9ZYjv8l$xa6yPaQRmVx+c3H1OYCDa4M066iSZAtnQdxrnB/SBMA=', '2023-07-07 13:22:36.445833', 0, 'admin123', '', '', '1225262920@qq.com', 1, 1, '2023-03-06 21:14:52.296156', '', 'avatar/001.jpg', '15917143157', 'M', 0);
INSERT INTO `v_user` VALUES (31, 'pbkdf2_sha256$260000$KnqNIOJa7PjYE4jJhhACmZ$F1aHFWmw+Q1ci2OwwBh5S74VkQWu1T+bHtzMW309Hw8=', '2023-03-23 14:16:49.486325', 0, 'ddxx', '', '', '', 0, 1, '2023-03-23 13:36:17.925562', '', 'avatar/Plot_Twist_-_Moon_Formed_Within_Hours_Instead_of_Millions_of_Years.mp4.00_01_10_1_rlb10eg.png', '', '', 0);
INSERT INTO `v_user` VALUES (32, 'pbkdf2_sha256$260000$jfniYGy5F05lst9yd1Hjt6$NMP76nO7EHD6eQyXrY8Dg0ErkinDsmFM4bkURw+m1ZM=', '2023-03-27 12:24:57.905944', 0, 'admin666', '', '', '', 0, 1, '2023-03-27 12:24:57.421562', NULL, '', NULL, NULL, 0);
INSERT INTO `v_user` VALUES (33, 'pbkdf2_sha256$260000$l82nyqxpQ8UUIUsDjzkBeN$Fi/8S68jJHy+JbCEFoBXL9loQRbdUK0GlqqwmXW5SoM=', '2023-03-29 16:36:44.073217', 0, '', '', '', '', 0, 1, '2023-03-29 15:07:46.520144', NULL, '', NULL, NULL, 0);
INSERT INTO `v_user` VALUES (34, 'pbkdf2_sha256$260000$a4Gx510Y2PgZL11yIQG0JU$BPt0mtwUotvXQJEMz1GZesnIl/XZvouEKjpup3If35k=', '2023-04-15 12:32:33.434445', 0, 'gyy23', '', '', '', 0, 1, '2023-04-15 12:32:02.717768', NULL, '', NULL, NULL, 0);
INSERT INTO `v_user` VALUES (35, 'pbkdf2_sha256$260000$9FJI3M8JtA1SzuapmyLZGI$VCSJCV60Oms9JxXYmuebUyywiVJCOEPOuiPN/vh7LpY=', '2023-04-22 11:32:44.025265', 0, 'Bashir', '', '', '', 0, 1, '2023-04-22 11:32:43.572169', NULL, '', NULL, NULL, 0);
INSERT INTO `v_user` VALUES (36, 'pbkdf2_sha256$260000$Prncs2m9s3C2nMJyPRzdp4$GWq6IMlEPWuJGCA1uGX1ldfbJh7Kc888o/bknVNJST0=', '2023-05-08 18:09:07.216390', 0, '123324', '', '', '', 0, 1, '2023-04-27 15:14:15.616277', NULL, '', NULL, NULL, 0);
INSERT INTO `v_user` VALUES (37, 'pbkdf2_sha256$260000$J9NGsC2TxvwJ4sASYI9dVP$4IUT+EuSwgO6chm/aAXnpGd/OljcMUttHB1r2hahtVI=', '2023-05-02 17:49:17.807727', 0, '11111', '', '', '', 0, 1, '2023-05-02 17:49:17.354610', '', 'avatar/QQ20230428214726.png', '', '', 0);
INSERT INTO `v_user` VALUES (38, 'pbkdf2_sha256$260000$9tYvNgc6kMf3zn25jNfAYk$VCZlxFy34L/xwx/8XlFf3Fdl47vkvPR3a90ICjR+1w8=', '2023-05-07 14:07:24.102516', 0, 'uuiioo', '', '', '', 0, 1, '2023-05-07 14:07:23.680650', NULL, '', NULL, NULL, 0);
INSERT INTO `v_user` VALUES (39, 'pbkdf2_sha256$260000$dN90YlCY53KB45tz2cTjtd$LcZxADKd0JM1ehzF2PWZhabv/3II6ezocRuqK0ZycOc=', '2023-05-08 12:59:47.246189', 0, 'admin9527', '', '', '1225262920@qq.com', 0, 1, '2023-05-08 12:59:46.773550', '9527', '', '15917143154', 'M', 0);
INSERT INTO `v_user` VALUES (40, 'pbkdf2_sha256$260000$1nv4rhhOLvLZ92JImBcgbl$PXPN4DcS6xOnj+c1nHnV18WU9cQnP+gOwBEOOC1yrYY=', '2023-05-10 19:59:36.215362', 0, '2902452403', '', '', '', 0, 1, '2023-05-10 19:59:35.746608', NULL, '', NULL, NULL, 0);
INSERT INTO `v_user` VALUES (41, 'pbkdf2_sha256$260000$Bitz3WoHX2WJbvdfAEHgn2$Z/+UMFsnVSjhGH3Cqng1sranLpgDaKdH2eh1ozlwRMM=', '2023-05-22 10:13:36.203110', 0, '2052029', '', '', '', 0, 1, '2023-05-22 10:13:35.656230', NULL, '', NULL, NULL, 0);
INSERT INTO `v_user` VALUES (42, 'pbkdf2_sha256$260000$LJnLMS38XN7eBhtMswTJo6$8+/c6Fepq57ksKdJfZu8gsAZG0uE5kEPYsuuDUvLpD8=', '2023-05-23 17:08:31.825117', 0, 'Claire', '', '', '', 0, 1, '2023-05-23 17:08:31.356288', NULL, '', NULL, NULL, 0);
INSERT INTO `v_user` VALUES (43, 'pbkdf2_sha256$260000$c3HgfSYDirZwiIQ2R2mTCw$BvjKZviXVGw/57ai2CgOcxTgQIw2chKpCxOoGFpsbL0=', '2023-05-28 19:58:09.855466', 0, 'zhangsan', '', '', '', 0, 1, '2023-05-28 19:58:09.355464', NULL, '', NULL, NULL, 0);
INSERT INTO `v_user` VALUES (44, 'pbkdf2_sha256$260000$6BzWIIrI7BdqD6rC6bWsqg$Nm1plMTbGp6QBZwjWOIFxnBQjmCoP1VR7GVADL49SME=', '2023-05-28 20:01:24.304295', 0, 'zhangsan1', '', '', '', 0, 1, '2023-05-28 20:01:23.866792', NULL, '', NULL, NULL, 0);
INSERT INTO `v_user` VALUES (45, 'pbkdf2_sha256$260000$d1FOHvgkpwp7Sw0366IaON$v6tEAqrsJ/RYV2Tc9QdunRRK64smTk966rcTWMuzHAc=', '2023-06-01 23:08:56.935421', 0, 'huayu', '', '', '', 0, 1, '2023-06-01 23:08:56.482285', NULL, '', NULL, NULL, 0);
INSERT INTO `v_user` VALUES (46, 'pbkdf2_sha256$260000$aTSSlLQRjgmaPFem8frNlZ$fOCa7oYXoyloPZFDq8Mz/PD6kKofgobC5wVIlAfOl4g=', '2023-06-03 15:54:43.394911', 0, 'mo2393', '', '', '', 0, 1, '2023-06-02 22:07:19.554196', NULL, '', NULL, NULL, 0);
INSERT INTO `v_user` VALUES (47, 'pbkdf2_sha256$260000$eiMqeBNx0Z3JIPt79o7ag6$RPSR2h9uEMW/nDFVQtANwYLVrZlrKRkJ6+KFkH6pSyA=', '2023-06-04 15:38:27.646321', 0, 'user', '', '', '', 0, 1, '2023-06-04 15:38:27.193184', NULL, '', NULL, NULL, 0);
INSERT INTO `v_user` VALUES (48, 'pbkdf2_sha256$260000$QwUQ0AJWR5WHxvauCrVH67$/CMkkJ2yDE/zglh3MfadXVJ4M8TeskLgNchjg16GxxI=', '2023-06-06 00:30:09.856132', 0, 'ijngh', '', '', '', 0, 1, '2023-06-06 00:30:09.387387', NULL, '', NULL, NULL, 0);
INSERT INTO `v_user` VALUES (49, 'pbkdf2_sha256$260000$freGmFx1NzookdfUCGznff$8hDuVMMBbLJSWAr3ftNQgT1WgLXxJsJ87oC0JS9P658=', '2023-06-07 13:33:14.661674', 0, 'IGUHU', '', '', '', 0, 1, '2023-06-07 13:33:14.192956', NULL, '', NULL, NULL, 0);
INSERT INTO `v_user` VALUES (50, 'pbkdf2_sha256$260000$qkmHw5stEWYjOdJweM6u41$F57Ey3T4Pvf2YpBKePNjSkdkYu+LkIbjEY+/xN9RO88=', '2023-06-09 10:19:27.327961', 0, '1795024193', '', '', '', 0, 1, '2023-06-09 10:19:26.906099', NULL, '', NULL, NULL, 0);
INSERT INTO `v_user` VALUES (51, 'pbkdf2_sha256$260000$OxPsmukYqChnS2tBqeroe3$26nzcttt3vY7YNgRSLA5mpkPL9CQWsFxZhox18fZC/Y=', '2023-06-15 08:53:01.633459', 0, '123789', '', '', '', 0, 1, '2023-06-15 08:53:01.164719', NULL, '', NULL, NULL, 0);
INSERT INTO `v_user` VALUES (52, 'pbkdf2_sha256$260000$p8C4QEXThvMHlgQY58pj4w$e+6s7RGtPnXUMOZHB2m5rB1RCWUdJGnsXFnH1xb/yQc=', '2023-06-20 09:57:51.958857', 0, 'ceshi111', '', '', '', 0, 1, '2023-06-20 09:57:51.521352', NULL, '', NULL, NULL, 0);
INSERT INTO `v_user` VALUES (53, 'pbkdf2_sha256$260000$1MWZ5yBmAbYhJ0mbuv1GJg$g8wRaqf9YFT9k3buHPpef6SNTwPX7wavseVrV0Ew18o=', '2023-06-27 01:12:48.056509', 0, 'dh64615', '', '', '', 0, 1, '2023-06-27 01:12:47.603379', NULL, '', NULL, NULL, 0);
INSERT INTO `v_user` VALUES (54, 'pbkdf2_sha256$260000$ljey9Zs5C7TARobId9i3oD$wIHw6h+1rXR5N7MNT+J2eSyVQdSh5U6wGY2XhqAg7b8=', '2023-06-27 13:48:45.870237', 0, 'dabaozi', '', '', '', 0, 1, '2023-06-27 13:48:45.432735', NULL, '', NULL, NULL, 0);
INSERT INTO `v_user` VALUES (55, 'pbkdf2_sha256$260000$vuhC7RtbgIuSS68P4s6Bhp$4xkGSEF2bUgGDhyEtVzb55CMIp/k9MsEbjx/21F5cMs=', '2023-07-03 17:21:40.823813', 0, '', '', '', '', 0, 1, '2023-07-03 17:21:40.370705', NULL, '', NULL, NULL, 0);
INSERT INTO `v_user` VALUES (56, 'pbkdf2_sha256$260000$97IGqCwqlw49U2jHnmART0$m0j65bXgNgDaNPgiUwk8zD4/C5ibSRqTW+hClJUzyVM=', '2023-07-04 16:33:10.377474', 0, 'zxcvbnm', '', '', '', 0, 1, '2023-07-04 16:33:09.787634', NULL, '', NULL, NULL, 0);
INSERT INTO `v_user` VALUES (57, 'pbkdf2_sha256$260000$wieTxhFCOYyNcv27lFV6ab$bu2/r5ewJpopuB17iXv7wZAN63i4CjnNPOzHpfISG1E=', '2025-03-20 23:32:47.691249', 1, 'admin20', '', '', '', 1, 1, '2025-03-20 23:30:54.530696', NULL, '', NULL, NULL, 0);

-- ----------------------------
-- Table structure for v_user_groups
-- ----------------------------
DROP TABLE IF EXISTS `v_user_groups`;
CREATE TABLE `v_user_groups`  (
  `id` int NOT NULL AUTO_INCREMENT,
  `user_id` int NOT NULL,
  `group_id` int NOT NULL,
  PRIMARY KEY (`id`) USING BTREE,
  UNIQUE INDEX `v_user_groups_user_id_group_id_181960ee_uniq`(`user_id` ASC, `group_id` ASC) USING BTREE,
  INDEX `v_user_groups_group_id_093f4f09_fk_auth_group_id`(`group_id` ASC) USING BTREE,
  CONSTRAINT `v_user_groups_group_id_093f4f09_fk_auth_group_id` FOREIGN KEY (`group_id`) REFERENCES `auth_group` (`id`) ON DELETE RESTRICT ON UPDATE RESTRICT,
  CONSTRAINT `v_user_groups_user_id_3060ec8d_fk_v_user_id` FOREIGN KEY (`user_id`) REFERENCES `v_user` (`id`) ON DELETE RESTRICT ON UPDATE RESTRICT
) ENGINE = InnoDB AUTO_INCREMENT = 1 CHARACTER SET = utf8 COLLATE = utf8_general_ci ROW_FORMAT = Dynamic;

-- ----------------------------
-- Records of v_user_groups
-- ----------------------------

-- ----------------------------
-- Table structure for v_user_user_permissions
-- ----------------------------
DROP TABLE IF EXISTS `v_user_user_permissions`;
CREATE TABLE `v_user_user_permissions`  (
  `id` int NOT NULL AUTO_INCREMENT,
  `user_id` int NOT NULL,
  `permission_id` int NOT NULL,
  PRIMARY KEY (`id`) USING BTREE,
  UNIQUE INDEX `v_user_user_permissions_user_id_permission_id_59f63728_uniq`(`user_id` ASC, `permission_id` ASC) USING BTREE,
  INDEX `v_user_user_permissi_permission_id_2554fa24_fk_auth_perm`(`permission_id` ASC) USING BTREE,
  CONSTRAINT `v_user_user_permissi_permission_id_2554fa24_fk_auth_perm` FOREIGN KEY (`permission_id`) REFERENCES `auth_permission` (`id`) ON DELETE RESTRICT ON UPDATE RESTRICT,
  CONSTRAINT `v_user_user_permissions_user_id_42f12dcf_fk_v_user_id` FOREIGN KEY (`user_id`) REFERENCES `v_user` (`id`) ON DELETE RESTRICT ON UPDATE RESTRICT
) ENGINE = InnoDB AUTO_INCREMENT = 1 CHARACTER SET = utf8 COLLATE = utf8_general_ci ROW_FORMAT = Dynamic;

-- ----------------------------
-- Records of v_user_user_permissions
-- ----------------------------

-- ----------------------------
-- Table structure for v_video
-- ----------------------------
DROP TABLE IF EXISTS `v_video`;
CREATE TABLE `v_video`  (
  `id` int NOT NULL AUTO_INCREMENT,
  `title` varchar(100) CHARACTER SET utf8 COLLATE utf8_general_ci NULL DEFAULT NULL,
  `desc` varchar(255) CHARACTER SET utf8 COLLATE utf8_general_ci NULL DEFAULT NULL,
  `file` varchar(255) CHARACTER SET utf8 COLLATE utf8_general_ci NOT NULL,
  `view_count` int NOT NULL,
  `create_time` datetime(6) NOT NULL,
  `status` varchar(1) CHARACTER SET utf8 COLLATE utf8_general_ci NULL DEFAULT NULL,
  `cover` varchar(10000) CHARACTER SET utf8 COLLATE utf8_general_ci NULL DEFAULT NULL,
  `classification_id` int NULL DEFAULT NULL,
  PRIMARY KEY (`id`) USING BTREE,
  INDEX `v_video_classification_id_93a19823_fk_v_classification_id`(`classification_id` ASC) USING BTREE,
  CONSTRAINT `v_video_classification_id_93a19823_fk_v_classification_id` FOREIGN KEY (`classification_id`) REFERENCES `v_classification` (`id`) ON DELETE RESTRICT ON UPDATE RESTRICT
) ENGINE = InnoDB AUTO_INCREMENT = 209 CHARACTER SET = utf8 COLLATE = utf8_general_ci ROW_FORMAT = Dynamic;

-- ----------------------------
-- Records of v_video
-- ----------------------------
INSERT INTO `v_video` VALUES (1, 'vs', 'vs', 'chunked_uploads/2022/12/08/92821472cb4f457aa80b0b53c8c48868.part', 214, '2022-12-08 21:38:13.081932', '0', 'cover/5_GZBNEZZ.jpg', 1);
INSERT INTO `v_video` VALUES (2, '', '', 'chunked_uploads/2022/12/08/a54edee839164b26a106dab04749a1a4.part', 140, '2022-12-08 21:41:53.567132', '0', 'cover/3_YyoUIHo.jpeg', 1);
INSERT INTO `v_video` VALUES (3, '1', '1', 'chunked_uploads/2022/12/09/0fb5f4bbabd440b4b88c935c78f7f946.part', 175, '2022-12-09 11:38:13.154094', '0', 'cover/20190301125102646.png', 2);
INSERT INTO `v_video` VALUES (4, '222', '2', 'chunked_uploads/2022/12/09/d709e9ca06c2425aa85a7a92ab0c5dd1.part', 124, '2022-12-09 11:39:07.766684', '0', 'cover/20190301125102646_Er745Fa.png', 2);
INSERT INTO `v_video` VALUES (5, '23', '2', 'chunked_uploads/2022/12/09/0ff7b163fdf54527bbc1837d1301b410.part', 163, '2022-12-09 11:39:40.096935', '0', 'cover/20190301125102646_mn7cKTk.png', 2);
INSERT INTO `v_video` VALUES (6, '', '', 'chunked_uploads/2022/12/09/990f0be00ce24bdca521a2a84c7ffcd9.part', 148, '2022-12-09 11:40:41.966408', '0', 'cover/th.jpg', 2);
INSERT INTO `v_video` VALUES (7, '111', '', 'chunked_uploads/2022/12/09/d9619bb25e6f4450ba9b835b079191a0.part', 228, '2022-12-09 11:41:09.334646', '0', 'cover/.jpg', 2);
INSERT INTO `v_video` VALUES (8, '2222', '', 'chunked_uploads/2022/12/09/192b1b62faa443c49140c4247c4f7765.part', 961, '2022-12-09 11:41:47.272091', '0', 'cover/th_9L2jHU9.jpg', 2);
INSERT INTO `v_video` VALUES (10, '', '', 'chunked_uploads/2023/01/12/1b2a0b9ab33f4a0db27d2e7758d7f853.part', 366, '2023-01-12 20:52:59.269449', '0', 'cover/i111.jpg', 1);
INSERT INTO `v_video` VALUES (11, '12333333', '1233333312333333123333331233333312333333123456123333331233333312333333', 'chunked_uploads/2023/01/12/3a17d015ea574f9da15f47bd6586ad87.part', 458, '2023-01-12 20:56:51.119740', '0', 'cover/435af50e7574c4ad.png', 1);
INSERT INTO `v_video` VALUES (12, '', '', 'chunked_uploads/2023/03/06/858636aa3241412f81f209f972067cb8.part', 346, '2023-03-06 21:27:35.645781', '0', 'cover/i111_2CfRoLH.jpg', 1);
INSERT INTO `v_video` VALUES (13, ' ', ' ', 'https://vfile2.grtn.cn/2025/1742/4679/0362/174246790362.ssm/174246790362.mp4', 733, '2023-03-06 21:29:29.239239', '0', 'https://img2-cloud.itouchtv.cn/tv/program/cover/80a2be5bc5becfbfd4d8adc40ecc9283.png', 2);
INSERT INTO `v_video` VALUES (14, ' ', ' ', 'https://vfile2.grtn.cn/2025/1742/5565/7717/174255657717.ssm/174255657717.mp4', 45, '2025-03-21 00:03:53.124249', '0', 'https://img2-cloud.itouchtv.cn/2021/0127/05ccb895cc09f3e7OSS1597830400.jpg', 2);
INSERT INTO `v_video` VALUES (190, '2025-03-23', NULL, 'https://video2-cloud.itouchtv.cn/nom/pf0/mc/20250323/17_4imifh3h9kv__hd.mp4', 0, '2025-03-24 20:48:23.582776', '0', 'https://img2-cloud.itouchtv.cn/2021/0127/05ccb895cc09f3e7OSS1597830400.jpg?x-oss-process=image/resize,m_fill,w_237,h_134', 1);
INSERT INTO `v_video` VALUES (191, '  ', NULL, 'https://vfile2.grtn.cn/2025/1742/7273/4741/174272734741.ssm/174272734741.mp4', 0, '2025-03-24 20:48:24.242988', '0', 'https://img2-cloud.itouchtv.cn/tv/program/cover/bbbf32e5ba822d7bb09f8be09c2da349.png?x-oss-process=image/resize,m_fill,w_237,h_134', 1);
INSERT INTO `v_video` VALUES (192, ' ', NULL, 'https://vfile2.grtn.cn/2025/1742/7273/4530/174272734530.ssm/174272734530.mp4', 0, '2025-03-24 20:48:24.888650', '0', 'https://img2-cloud.itouchtv.cn/tv/program/cover/975dd5ce3c38e6b39d5204950eeab13b.png?x-oss-process=image/resize,m_fill,w_237,h_134', 1);
INSERT INTO `v_video` VALUES (193, ' ', NULL, 'https://vfile2.grtn.cn/2025/1742/7275/8878/174272758878.ssm/174272758878.mp4', 0, '2025-03-24 20:48:25.546605', '0', 'https://img2-cloud.itouchtv.cn/tv/program/cover/bffcc0eb288a835e30111d16b243778b.jpg?x-oss-process=image/resize,m_fill,w_237,h_134', 1);
INSERT INTO `v_video` VALUES (194, ' ', NULL, 'https://vfile2.grtn.cn/2025/1742/7275/8685/174272758685.ssm/174272758685.mp4', 0, '2025-03-24 20:48:26.192473', '0', 'https://img2-cloud.itouchtv.cn/tv/program/cover/1175005fb8af99f8b534392856256dbf.png?x-oss-process=image/resize,m_fill,w_237,h_134', 1);
INSERT INTO `v_video` VALUES (195, '1800', NULL, 'https://vfile2.grtn.cn/2025/1742/7279/4616/174272794616.ssm/174272794616.mp4', 0, '2025-03-24 20:48:26.835970', '0', 'https://img2-cloud.itouchtv.cn/tv/program/cover/96d642ee79c49f37002263c8851528a4.jpg?x-oss-process=image/resize,m_fill,w_237,h_134', 1);
INSERT INTO `v_video` VALUES (196, ' ', NULL, 'https://vfile2.grtn.cn/2025/1742/7279/4650/174272794650.ssm/174272794650.mp4', 2, '2025-03-24 20:48:27.525809', '0', 'https://img2-cloud.itouchtv.cn/tv/program/cover/eb209d4c86b5183262a356be206577d0.jpg?x-oss-process=image/resize,m_fill,w_237,h_134', 1);
INSERT INTO `v_video` VALUES (197, '', NULL, 'https://vfile2.grtn.cn/2025/1742/7278/5684/174272785684.ssm/174272785684.mp4', 2, '2025-03-24 20:48:28.184094', '0', 'https://img2-cloud.itouchtv.cn/tv/program/cover/bd5d08237bf39ecc7e3059e94df41daf.png?x-oss-process=image/resize,m_fill,w_237,h_134', 1);
INSERT INTO `v_video` VALUES (198, '2025-03-24', NULL, 'https://vfile2.grtn.cn/2025/1742/8166/2543/174281662543.ssm/174281662543.mp4', 2, '2025-03-24 20:52:04.075957', '0', 'https://img2-cloud.itouchtv.cn/2021/0127/05ccb895cc09f3e7OSS1597830400.jpg?x-oss-process=image/resize,m_fill,w_237,h_134', 1);
INSERT INTO `v_video` VALUES (199, '   ', NULL, 'https://vfile2.grtn.cn/2025/1742/8132/3184/174281323184.ssm/174281323184.mp4', 2, '2025-03-24 20:52:04.735027', '0', 'https://img2-cloud.itouchtv.cn/tv/program/cover/3f605db53c466e82891b8f3245eb0e1f.jpg?x-oss-process=image/resize,m_fill,w_237,h_134', 1);
INSERT INTO `v_video` VALUES (200, '', NULL, 'https://vfile2.grtn.cn/2025/1742/8132/6036/174281326036.ssm/174281326036.mp4', 2, '2025-03-24 20:52:05.405731', '0', 'https://img2-cloud.itouchtv.cn/tv/program/cover/4023c016d8053542acb526fdcdb03e79.png?x-oss-process=image/resize,m_fill,w_237,h_134', 1);
INSERT INTO `v_video` VALUES (201, '', NULL, 'https://vfile2.grtn.cn/2025/1742/8133/8034/174281338034.ssm/174281338034.mp4', 2, '2025-03-24 20:52:06.049516', '0', 'https://img2-cloud.itouchtv.cn/tv/program/cover/fb1c024ef0a65e5ed140b1799a5e748c.jpg?x-oss-process=image/resize,m_fill,w_237,h_134', 1);
INSERT INTO `v_video` VALUES (202, '16.8', NULL, 'https://vfile2.grtn.cn/2025/1742/8134/4198/174281344198.ssm/174281344198.mp4', 2, '2025-03-24 20:52:06.726206', '0', 'https://img2-cloud.itouchtv.cn/tv/program/cover/5f0e667248b2d7274c68aca4fec010fd.png?x-oss-process=image/resize,m_fill,w_237,h_134', 1);
INSERT INTO `v_video` VALUES (203, ' 15', NULL, 'https://vfile2.grtn.cn/2025/1742/8138/6344/174281386344.ssm/174281386344.mp4', 2, '2025-03-24 20:52:07.383441', '0', 'https://img2-cloud.itouchtv.cn/tv/program/cover/7af515d8e473720b99faa56f10838f11.jpg?x-oss-process=image/resize,m_fill,w_237,h_134', 1);
INSERT INTO `v_video` VALUES (204, ' ', NULL, 'https://vfile2.grtn.cn/2025/1742/8139/9012/174281399012.ssm/174281399012.mp4', 2, '2025-03-24 20:52:08.044415', '0', 'https://img2-cloud.itouchtv.cn/tv/program/cover/ec7207bc584acd3a25f5c05a5c51445f.jpg?x-oss-process=image/resize,m_fill,w_237,h_134', 1);
INSERT INTO `v_video` VALUES (205, ' ', NULL, 'https://vfile2.grtn.cn/2025/1742/8143/7115/174281437115.ssm/174281437115.mp4', 2, '2025-03-24 20:52:08.705428', '0', 'https://img2-cloud.itouchtv.cn/tv/program/cover/5febc7d8bad79e109648df36ea1d9c29.jpg?x-oss-process=image/resize,m_fill,w_237,h_134', 1);
INSERT INTO `v_video` VALUES (206, '90', NULL, 'https://vfile2.grtn.cn/2025/1742/8139/8070/174281398070.ssm/174281398070.mp4', 2, '2025-03-24 20:52:09.364329', '0', 'https://img2-cloud.itouchtv.cn/tv/program/cover/939780475444fda50cb958ca2cf4e15a.jpg?x-oss-process=image/resize,m_fill,w_237,h_134', 1);
INSERT INTO `v_video` VALUES (207, ' ', NULL, 'https://vfile2.grtn.cn/2025/1742/8144/0355/174281440355.ssm/174281440355.mp4', 2, '2025-03-24 20:52:10.009009', '0', 'https://img2-cloud.itouchtv.cn/tv/program/cover/99fbcc97595aad9a04eeb0196e0d4fde.jpg?x-oss-process=image/resize,m_fill,w_237,h_134', 1);
INSERT INTO `v_video` VALUES (208, ' ', NULL, 'https://vfile2.grtn.cn/2025/1742/8144/0790/174281440790.ssm/174281440790.mp4', 2, '2025-03-24 20:52:10.667485', '0', 'https://img2-cloud.itouchtv.cn/tv/program/cover/7e3a9e476fa3741d4ccea354706a333b.jpg?x-oss-process=image/resize,m_fill,w_237,h_134', 1);

-- ----------------------------
-- Table structure for v_video_collected
-- ----------------------------
DROP TABLE IF EXISTS `v_video_collected`;
CREATE TABLE `v_video_collected`  (
  `id` int NOT NULL AUTO_INCREMENT,
  `video_id` int NOT NULL,
  `user_id` int NOT NULL,
  PRIMARY KEY (`id`) USING BTREE,
  UNIQUE INDEX `v_video_collected_video_id_user_id_33a7fb4a_uniq`(`video_id` ASC, `user_id` ASC) USING BTREE,
  INDEX `v_video_collected_user_id_deef7260_fk_v_user_id`(`user_id` ASC) USING BTREE,
  CONSTRAINT `v_video_collected_user_id_deef7260_fk_v_user_id` FOREIGN KEY (`user_id`) REFERENCES `v_user` (`id`) ON DELETE RESTRICT ON UPDATE RESTRICT,
  CONSTRAINT `v_video_collected_video_id_1d87532f_fk_v_video_id` FOREIGN KEY (`video_id`) REFERENCES `v_video` (`id`) ON DELETE RESTRICT ON UPDATE RESTRICT
) ENGINE = InnoDB AUTO_INCREMENT = 30 CHARACTER SET = utf8 COLLATE = utf8_general_ci ROW_FORMAT = Dynamic;

-- ----------------------------
-- Records of v_video_collected
-- ----------------------------
INSERT INTO `v_video_collected` VALUES (1, 1, 1);
INSERT INTO `v_video_collected` VALUES (10, 1, 30);
INSERT INTO `v_video_collected` VALUES (25, 5, 52);
INSERT INTO `v_video_collected` VALUES (3, 6, 1);
INSERT INTO `v_video_collected` VALUES (26, 7, 52);
INSERT INTO `v_video_collected` VALUES (18, 8, 30);
INSERT INTO `v_video_collected` VALUES (24, 8, 52);
INSERT INTO `v_video_collected` VALUES (5, 10, 20);
INSERT INTO `v_video_collected` VALUES (6, 11, 18);
INSERT INTO `v_video_collected` VALUES (7, 11, 27);
INSERT INTO `v_video_collected` VALUES (28, 11, 30);
INSERT INTO `v_video_collected` VALUES (9, 12, 1);
INSERT INTO `v_video_collected` VALUES (12, 12, 32);
INSERT INTO `v_video_collected` VALUES (29, 12, 55);
INSERT INTO `v_video_collected` VALUES (8, 13, 1);
INSERT INTO `v_video_collected` VALUES (11, 13, 31);
INSERT INTO `v_video_collected` VALUES (15, 13, 39);

-- ----------------------------
-- Table structure for v_video_liked
-- ----------------------------
DROP TABLE IF EXISTS `v_video_liked`;
CREATE TABLE `v_video_liked`  (
  `id` int NOT NULL AUTO_INCREMENT,
  `video_id` int NOT NULL,
  `user_id` int NOT NULL,
  PRIMARY KEY (`id`) USING BTREE,
  UNIQUE INDEX `v_video_liked_video_id_user_id_cb0f632c_uniq`(`video_id` ASC, `user_id` ASC) USING BTREE,
  INDEX `v_video_liked_user_id_0bfd570d_fk_v_user_id`(`user_id` ASC) USING BTREE,
  CONSTRAINT `v_video_liked_user_id_0bfd570d_fk_v_user_id` FOREIGN KEY (`user_id`) REFERENCES `v_user` (`id`) ON DELETE RESTRICT ON UPDATE RESTRICT,
  CONSTRAINT `v_video_liked_video_id_6f2c2405_fk_v_video_id` FOREIGN KEY (`video_id`) REFERENCES `v_video` (`id`) ON DELETE RESTRICT ON UPDATE RESTRICT
) ENGINE = InnoDB AUTO_INCREMENT = 49 CHARACTER SET = utf8 COLLATE = utf8_general_ci ROW_FORMAT = Dynamic;

-- ----------------------------
-- Records of v_video_liked
-- ----------------------------
INSERT INTO `v_video_liked` VALUES (1, 1, 1);
INSERT INTO `v_video_liked` VALUES (36, 1, 30);
INSERT INTO `v_video_liked` VALUES (35, 5, 30);
INSERT INTO `v_video_liked` VALUES (33, 5, 46);
INSERT INTO `v_video_liked` VALUES (44, 5, 52);
INSERT INTO `v_video_liked` VALUES (4, 6, 1);
INSERT INTO `v_video_liked` VALUES (2, 7, 1);
INSERT INTO `v_video_liked` VALUES (6, 7, 3);
INSERT INTO `v_video_liked` VALUES (45, 7, 52);
INSERT INTO `v_video_liked` VALUES (3, 8, 1);
INSERT INTO `v_video_liked` VALUES (26, 8, 30);
INSERT INTO `v_video_liked` VALUES (43, 8, 52);
INSERT INTO `v_video_liked` VALUES (9, 10, 20);
INSERT INTO `v_video_liked` VALUES (10, 11, 18);
INSERT INTO `v_video_liked` VALUES (11, 11, 27);
INSERT INTO `v_video_liked` VALUES (47, 11, 30);
INSERT INTO `v_video_liked` VALUES (13, 12, 1);
INSERT INTO `v_video_liked` VALUES (16, 12, 32);
INSERT INTO `v_video_liked` VALUES (48, 12, 55);
INSERT INTO `v_video_liked` VALUES (12, 13, 1);
INSERT INTO `v_video_liked` VALUES (15, 13, 31);
INSERT INTO `v_video_liked` VALUES (18, 13, 35);
INSERT INTO `v_video_liked` VALUES (32, 13, 36);
INSERT INTO `v_video_liked` VALUES (23, 13, 39);
INSERT INTO `v_video_liked` VALUES (34, 13, 47);

SET FOREIGN_KEY_CHECKS = 1;
